Book_ID,Unmatched_Dolphin,Unmatched_MonkeyOCR,Unmatched_Total_Count,file_pair_id,file1_path,file2_path,file1_name,file2_name,Dolphin_length,MonkeyOCR_length,length_difference,similarity_ratio,character_error_rate,word_error_rate,edit_distance,status
digibok_2007031501007_0057,,,,1.0,D:\data\HCNC\norway\biographies\storage\Dolphin\markdown\digibok_2007031501007_0057.md,D:\data\HCNC\norway\biographies\storage\MonkeyOCR\digibok_2007031501007\digibok_2007031501007_0057.md,digibok_2007031501007_0057.md,digibok_2007031501007_0057.md,1755.0,1936.0,181.0,0.9016526686534815,0.17834757834757833,0.16141732283464566,313.0,success
digibok_2007031501007_0058,,,,2.0,D:\data\HCNC\norway\biographies\storage\Dolphin\markdown\digibok_2007031501007_0058.md,D:\data\HCNC\norway\biographies\storage\MonkeyOCR\digibok_2007031501007\digibok_2007031501007_0058.md,digibok_2007031501007_0058.md,digibok_2007031501007_0058.md,2476.0,2663.0,187.0,0.9297528702082117,0.12399030694668821,0.07446808510638298,307.0,success
digibok_2007031501007_0059,,,,3.0,D:\data\HCNC\norway\biographies\storage\Dolphin\markdown\digibok_2007031501007_0059.md,D:\data\HCNC\norway\biographies\storage\MonkeyOCR\digibok_2007031501007\digibok_2007031501007_0059.md,digibok_2007031501007_0059.md,digibok_2007031501007_0059.md,2272.0,2765.0,493.0,0.8489180067500496,0.3001760563380282,0.34421364985163205,682.0,success
digibok_2007031501007_0060,,,,4.0,D:\data\HCNC\norway\biographies\storage\Dolphin\markdown\digibok_2007031501007_0060.md,D:\data\HCNC\norway\biographies\storage\MonkeyOCR\digibok_2007031501007\digibok_2007031501007_0060.md,digibok_2007031501007_0060.md,digibok_2007031501007_0060.md,2509.0,2906.0,397.0,0.8986149584487535,0.19888401753686727,0.2401129943502825,499.0,success
digibok_2007031501007_0061,,,,5.0,D:\data\HCNC\norway\biographies\storage\Dolphin\markdown\digibok_2007031501007_0061.md,D:\data\HCNC\norway\biographies\storage\MonkeyOCR\digibok_2007031501007\digibok_2007031501007_0061.md,digibok_2007031501007_0061.md,digibok_2007031501007_0061.md,2881.0,3026.0,145.0,0.5755882850854918,0.8170774036792781,0.2950108459869848,2354.0,success
digibok_2007031501007_0062,,,,6.0,D:\data\HCNC\norway\biographies\storage\Dolphin\markdown\digibok_2007031501007_0062.md,D:\data\HCNC\norway\biographies\storage\MonkeyOCR\digibok_2007031501007\digibok_2007031501007_0062.md,digibok_2007031501007_0062.md,digibok_2007031501007_0062.md,2473.0,2667.0,194.0,0.8603112840466927,0.2503032753740396,0.1994750656167979,619.0,success
digibok_2007031501007_0063,,,,7.0,D:\data\HCNC\norway\biographies\storage\Dolphin\markdown\digibok_2007031501007_0063.md,D:\data\HCNC\norway\biographies\storage\MonkeyOCR\digibok_2007031501007\digibok_2007031501007_0063.md,digibok_2007031501007_0063.md,digibok_2007031501007_0063.md,3378.0,3426.0,48.0,0.9620811287477954,0.05476613380698638,0.10053859964093358,185.0,success
digibok_2007031501007_0064,,,,8.0,D:\data\HCNC\norway\biographies\storage\Dolphin\markdown\digibok_2007031501007_0064.md,D:\data\HCNC\norway\biographies\storage\MonkeyOCR\digibok_2007031501007\digibok_2007031501007_0064.md,digibok_2007031501007_0064.md,digibok_2007031501007_0064.md,2630.0,2883.0,253.0,0.8137130419009614,0.3319391634980989,0.2751196172248804,873.0,success
digibok_2007031501007_0065,,,,9.0,D:\data\HCNC\norway\biographies\storage\Dolphin\markdown\digibok_2007031501007_0065.md,D:\data\HCNC\norway\biographies\storage\MonkeyOCR\digibok_2007031501007\digibok_2007031501007_0065.md,digibok_2007031501007_0065.md,digibok_2007031501007_0065.md,1930.0,2467.0,537.0,0.8146463497839436,0.36373056994818653,0.29411764705882354,702.0,success
digibok_2007031501007_0066,,,,10.0,D:\data\HCNC\norway\biographies\storage\Dolphin\markdown\digibok_2007031501007_0066.md,D:\data\HCNC\norway\biographies\storage\MonkeyOCR\digibok_2007031501007\digibok_2007031501007_0066.md,digibok_2007031501007_0066.md,digibok_2007031501007_0066.md,2487.0,2628.0,141.0,0.9419354838709677,0.09931644551668677,0.14363143631436315,247.0,success
digibok_2007031501007_0067,,,,11.0,D:\data\HCNC\norway\biographies\storage\Dolphin\markdown\digibok_2007031501007_0067.md,D:\data\HCNC\norway\biographies\storage\MonkeyOCR\digibok_2007031501007\digibok_2007031501007_0067.md,digibok_2007031501007_0067.md,digibok_2007031501007_0067.md,2932.0,3047.0,115.0,0.9409600267603279,0.08526603001364257,0.171875,250.0,success
digibok_2007031501007_0068,,,,12.0,D:\data\HCNC\norway\biographies\storage\Dolphin\markdown\digibok_2007031501007_0068.md,D:\data\HCNC\norway\biographies\storage\MonkeyOCR\digibok_2007031501007\digibok_2007031501007_0068.md,digibok_2007031501007_0068.md,digibok_2007031501007_0068.md,3367.0,3445.0,78.0,0.9324721080446271,0.11493911493911493,0.0874751491053678,387.0,success
digibok_2007031501007_0069,"{'count': 0, 'names': []}","{'count': 1, 'names': ['AUSTBØ, Gunbjørg']}",1.0,13.0,D:\data\HCNC\norway\biographies\storage\Dolphin\markdown\digibok_2007031501007_0069.md,D:\data\HCNC\norway\biographies\storage\MonkeyOCR\digibok_2007031501007\digibok_2007031501007_0069.md,digibok_2007031501007_0069.md,digibok_2007031501007_0069.md,2475.0,2660.0,185.0,0.9308666017526777,0.11878787878787879,0.13636363636363635,294.0,success
digibok_2007031501007_0070,,,,14.0,D:\data\HCNC\norway\biographies\storage\Dolphin\markdown\digibok_2007031501007_0070.md,D:\data\HCNC\norway\biographies\storage\MonkeyOCR\digibok_2007031501007\digibok_2007031501007_0070.md,digibok_2007031501007_0070.md,digibok_2007031501007_0070.md,2411.0,2646.0,235.0,0.8230175993672137,0.30609705516383245,0.19710144927536233,738.0,success
digibok_2007031501007_0071,,,,15.0,D:\data\HCNC\norway\biographies\storage\Dolphin\markdown\digibok_2007031501007_0071.md,D:\data\HCNC\norway\biographies\storage\MonkeyOCR\digibok_2007031501007\digibok_2007031501007_0071.md,digibok_2007031501007_0071.md,digibok_2007031501007_0071.md,2818.0,2943.0,125.0,0.9185905224787363,0.14513839602555004,0.11583924349881797,409.0,success
digibok_2007031501007_0072,,,,16.0,D:\data\HCNC\norway\biographies\storage\Dolphin\markdown\digibok_2007031501007_0072.md,D:\data\HCNC\norway\biographies\storage\MonkeyOCR\digibok_2007031501007\digibok_2007031501007_0072.md,digibok_2007031501007_0072.md,digibok_2007031501007_0072.md,2679.0,2797.0,118.0,0.9466764061358656,0.08659947741694662,0.11604938271604938,232.0,success
digibok_2007031501007_0073,"{'count': 0, 'names': []}","{'count': 3, 'names': ['BARSTEIN, Einar', 'BASBERG, Johan', 'BEHRENS, Egil']}",3.0,,,,,,,,,,,,,
digibok_2007031501007_0074,,,,17.0,D:\data\HCNC\norway\biographies\storage\Dolphin\markdown\digibok_2007031501007_0074.md,D:\data\HCNC\norway\biographies\storage\MonkeyOCR\digibok_2007031501007\digibok_2007031501007_0074.md,digibok_2007031501007_0074.md,digibok_2007031501007_0074.md,2489.0,2679.0,190.0,0.9206656346749226,0.12936922458818803,0.17101449275362318,322.0,success
digibok_2007031501007_0075,,,,18.0,D:\data\HCNC\norway\biographies\storage\Dolphin\markdown\digibok_2007031501007_0075.md,D:\data\HCNC\norway\biographies\storage\MonkeyOCR\digibok_2007031501007\digibok_2007031501007_0075.md,digibok_2007031501007_0075.md,digibok_2007031501007_0075.md,3034.0,3348.0,314.0,0.921027890943278,0.14601186552406065,0.18541666666666667,443.0,success
digibok_2007031501007_0076,,,,19.0,D:\data\HCNC\norway\biographies\storage\Dolphin\markdown\digibok_2007031501007_0076.md,D:\data\HCNC\norway\biographies\storage\MonkeyOCR\digibok_2007031501007\digibok_2007031501007_0076.md,digibok_2007031501007_0076.md,digibok_2007031501007_0076.md,2135.0,2399.0,264.0,0.7313630348478165,0.5395784543325527,0.5098039215686274,1152.0,success
digibok_2007031501007_0077,,,,20.0,D:\data\HCNC\norway\biographies\storage\Dolphin\markdown\digibok_2007031501007_0077.md,D:\data\HCNC\norway\biographies\storage\MonkeyOCR\digibok_2007031501007\digibok_2007031501007_0077.md,digibok_2007031501007_0077.md,digibok_2007031501007_0077.md,2444.0,2815.0,371.0,0.833238258223997,0.3011456628477905,0.35327635327635326,736.0,success
digibok_2007031501007_0078,"{'count': 0, 'names': []}","{'count': 1, 'names': ['BERGGRAV, Øivind Seip']}",1.0,21.0,D:\data\HCNC\norway\biographies\storage\Dolphin\markdown\digibok_2007031501007_0078.md,D:\data\HCNC\norway\biographies\storage\MonkeyOCR\digibok_2007031501007\digibok_2007031501007_0078.md,digibok_2007031501007_0078.md,digibok_2007031501007_0078.md,2368.0,2719.0,351.0,0.8846078238647533,0.21452702702702703,0.24251497005988024,508.0,success
digibok_2007031501007_0079,,,,22.0,D:\data\HCNC\norway\biographies\storage\Dolphin\markdown\digibok_2007031501007_0079.md,D:\data\HCNC\norway\biographies\storage\MonkeyOCR\digibok_2007031501007\digibok_2007031501007_0079.md,digibok_2007031501007_0079.md,digibok_2007031501007_0079.md,2492.0,2614.0,122.0,0.9212690951821386,0.11556982343499198,0.18956043956043955,288.0,success
digibok_2007031501007_0080,,,,23.0,D:\data\HCNC\norway\biographies\storage\Dolphin\markdown\digibok_2007031501007_0080.md,D:\data\HCNC\norway\biographies\storage\MonkeyOCR\digibok_2007031501007\digibok_2007031501007_0080.md,digibok_2007031501007_0080.md,digibok_2007031501007_0080.md,2437.0,2629.0,192.0,0.8590604026845637,0.23799753795650389,0.1557377049180328,580.0,success
digibok_2007031501007_0081,,,,24.0,D:\data\HCNC\norway\biographies\storage\Dolphin\markdown\digibok_2007031501007_0081.md,D:\data\HCNC\norway\biographies\storage\MonkeyOCR\digibok_2007031501007\digibok_2007031501007_0081.md,digibok_2007031501007_0081.md,digibok_2007031501007_0081.md,2144.0,2555.0,411.0,0.8640136199191317,0.25513059701492535,0.3052959501557632,547.0,success
digibok_2007031501007_0082,,,,25.0,D:\data\HCNC\norway\biographies\storage\Dolphin\markdown\digibok_2007031501007_0082.md,D:\data\HCNC\norway\biographies\storage\MonkeyOCR\digibok_2007031501007\digibok_2007031501007_0082.md,digibok_2007031501007_0082.md,digibok_2007031501007_0082.md,2138.0,2519.0,381.0,0.6471977668026626,0.7441534144059869,0.6366559485530546,1591.0,success
digibok_2007031501007_0083,,,,26.0,D:\data\HCNC\norway\biographies\storage\Dolphin\markdown\digibok_2007031501007_0083.md,D:\data\HCNC\norway\biographies\storage\MonkeyOCR\digibok_2007031501007\digibok_2007031501007_0083.md,digibok_2007031501007_0083.md,digibok_2007031501007_0083.md,3270.0,3337.0,67.0,0.9741183593158771,0.04128440366972477,0.11022044088176353,135.0,success
digibok_2007031501007_0084,,,,27.0,D:\data\HCNC\norway\biographies\storage\Dolphin\markdown\digibok_2007031501007_0084.md,D:\data\HCNC\norway\biographies\storage\MonkeyOCR\digibok_2007031501007\digibok_2007031501007_0084.md,digibok_2007031501007_0084.md,digibok_2007031501007_0084.md,2659.0,2793.0,134.0,0.9416727806309612,0.09590071455434374,0.1546134663341646,255.0,success
digibok_2007031501007_0085,"{'count': 0, 'names': []}","{'count': 1, 'names': ['BJØRGE, Borghild Emma Skar']}",1.0,28.0,D:\data\HCNC\norway\biographies\storage\Dolphin\markdown\digibok_2007031501007_0085.md,D:\data\HCNC\norway\biographies\storage\MonkeyOCR\digibok_2007031501007\digibok_2007031501007_0085.md,digibok_2007031501007_0085.md,digibok_2007031501007_0085.md,2841.0,2952.0,111.0,0.9473502503020887,0.08764519535374868,0.11311053984575835,249.0,success
digibok_2007031501007_0086,,,,29.0,D:\data\HCNC\norway\biographies\storage\Dolphin\markdown\digibok_2007031501007_0086.md,D:\data\HCNC\norway\biographies\storage\MonkeyOCR\digibok_2007031501007\digibok_2007031501007_0086.md,digibok_2007031501007_0086.md,digibok_2007031501007_0086.md,2948.0,3069.0,121.0,0.9453215888316436,0.08242876526458616,0.07174887892376682,243.0,success
digibok_2007031501007_0087,,,,30.0,D:\data\HCNC\norway\biographies\storage\Dolphin\markdown\digibok_2007031501007_0087.md,D:\data\HCNC\norway\biographies\storage\MonkeyOCR\digibok_2007031501007\digibok_2007031501007_0087.md,digibok_2007031501007_0087.md,digibok_2007031501007_0087.md,2717.0,2884.0,167.0,0.9387609355472237,0.09937430990062569,0.14805825242718446,270.0,success
digibok_2007031501007_0088,"{'count': 0, 'names': []}","{'count': 6, 'names': ['BJØRNSEN, Sigurd Henry', 'BJØRNSTAD, Lars', 'BJØRNÆS, Frida Charlotte', 'BLIKSRUD, Nanna Bertha Helene Margrethe', 'BLANKE, Ingrid Merete', 'BLIKSTAD, Finn']}",6.0,,,,,,,,,,,,,
digibok_2007031501007_0089,,,,31.0,D:\data\HCNC\norway\biographies\storage\Dolphin\markdown\digibok_2007031501007_0089.md,D:\data\HCNC\norway\biographies\storage\MonkeyOCR\digibok_2007031501007\digibok_2007031501007_0089.md,digibok_2007031501007_0089.md,digibok_2007031501007_0089.md,2284.0,2467.0,183.0,0.9223321406019785,0.13966725043782838,0.1540785498489426,319.0,success
digibok_2007031501007_0090,,,,32.0,D:\data\HCNC\norway\biographies\storage\Dolphin\markdown\digibok_2007031501007_0090.md,D:\data\HCNC\norway\biographies\storage\MonkeyOCR\digibok_2007031501007\digibok_2007031501007_0090.md,digibok_2007031501007_0090.md,digibok_2007031501007_0090.md,2822.0,2949.0,127.0,0.9443770577023046,0.0846917080085046,0.1266490765171504,239.0,success
digibok_2007031501007_0091,,,,33.0,D:\data\HCNC\norway\biographies\storage\Dolphin\markdown\digibok_2007031501007_0091.md,D:\data\HCNC\norway\biographies\storage\MonkeyOCR\digibok_2007031501007\digibok_2007031501007_0091.md,digibok_2007031501007_0091.md,digibok_2007031501007_0091.md,2666.0,2893.0,227.0,0.9206691851052348,0.13653413353338334,0.12165450121654502,364.0,success
digibok_2007031501007_0092,"{'count': 0, 'names': []}","{'count': 5, 'names': ['BORGEN, Olaf', 'BORGEN, Aage Dagfinn', 'BOTNER, Bjarne Henry', 'BRADLEY, Per Valerius', 'BRAGSTAD, Harald']}",5.0,,,,,,,,,,,,,
digibok_2007031501007_0093,,,,34.0,D:\data\HCNC\norway\biographies\storage\Dolphin\markdown\digibok_2007031501007_0093.md,D:\data\HCNC\norway\biographies\storage\MonkeyOCR\digibok_2007031501007\digibok_2007031501007_0093.md,digibok_2007031501007_0093.md,digibok_2007031501007_0093.md,2214.0,2462.0,248.0,0.8614200171086399,0.24661246612466126,0.19411764705882353,546.0,success
digibok_2007031501007_0094,"{'count': 0, 'names': []}","{'count': 5, 'names': ['BRATBERG, Leif Roal', 'BRATH, Gerd', 'BREDRUP, Gunvor', 'BREEN, Egil', 'BREIDESMO, Einar Osvald']}",5.0,,,,,,,,,,,,,
digibok_2007031501007_0095,,,,35.0,D:\data\HCNC\norway\biographies\storage\Dolphin\markdown\digibok_2007031501007_0095.md,D:\data\HCNC\norway\biographies\storage\MonkeyOCR\digibok_2007031501007\digibok_2007031501007_0095.md,digibok_2007031501007_0095.md,digibok_2007031501007_0095.md,2578.0,2816.0,238.0,0.9113830181683352,0.14972847168347556,0.14745308310991956,386.0,success
digibok_2007031501007_0096,,,,36.0,D:\data\HCNC\norway\biographies\storage\Dolphin\markdown\digibok_2007031501007_0096.md,D:\data\HCNC\norway\biographies\storage\MonkeyOCR\digibok_2007031501007\digibok_2007031501007_0096.md,digibok_2007031501007_0096.md,digibok_2007031501007_0096.md,2227.0,2612.0,385.0,0.741888820004133,0.5231252806466098,0.42857142857142855,1165.0,success
digibok_2007031501007_0097,,,,37.0,D:\data\HCNC\norway\biographies\storage\Dolphin\markdown\digibok_2007031501007_0097.md,D:\data\HCNC\norway\biographies\storage\MonkeyOCR\digibok_2007031501007\digibok_2007031501007_0097.md,digibok_2007031501007_0097.md,digibok_2007031501007_0097.md,2923.0,3029.0,106.0,0.9136424731182796,0.1501881628463907,0.10681818181818181,439.0,success
digibok_2007031501007_0098,,,,38.0,D:\data\HCNC\norway\biographies\storage\Dolphin\markdown\digibok_2007031501007_0098.md,D:\data\HCNC\norway\biographies\storage\MonkeyOCR\digibok_2007031501007\digibok_2007031501007_0098.md,digibok_2007031501007_0098.md,digibok_2007031501007_0098.md,2344.0,2518.0,174.0,0.9276018099547512,0.1318259385665529,0.13043478260869565,309.0,success
digibok_2007031501007_0099,,,,39.0,D:\data\HCNC\norway\biographies\storage\Dolphin\markdown\digibok_2007031501007_0099.md,D:\data\HCNC\norway\biographies\storage\MonkeyOCR\digibok_2007031501007\digibok_2007031501007_0099.md,digibok_2007031501007_0099.md,digibok_2007031501007_0099.md,2530.0,2714.0,184.0,0.9378337147215866,0.11067193675889328,0.07262569832402235,280.0,success
digibok_2007031501007_0100,,,,40.0,D:\data\HCNC\norway\biographies\storage\Dolphin\markdown\digibok_2007031501007_0100.md,D:\data\HCNC\norway\biographies\storage\MonkeyOCR\digibok_2007031501007\digibok_2007031501007_0100.md,digibok_2007031501007_0100.md,digibok_2007031501007_0100.md,2782.0,2915.0,133.0,0.6554326838687028,0.696980589503954,0.47342995169082125,1939.0,success
digibok_2007031501007_0101,,,,41.0,D:\data\HCNC\norway\biographies\storage\Dolphin\markdown\digibok_2007031501007_0101.md,D:\data\HCNC\norway\biographies\storage\MonkeyOCR\digibok_2007031501007\digibok_2007031501007_0101.md,digibok_2007031501007_0101.md,digibok_2007031501007_0101.md,2143.0,2402.0,259.0,0.9157315731573157,0.1628558096126925,0.13125,349.0,success
digibok_2007031501007_0102,"{'count': 0, 'names': []}","{'count': 1, 'names': ['BRYHN, Roar']}",1.0,42.0,D:\data\HCNC\norway\biographies\storage\Dolphin\markdown\digibok_2007031501007_0102.md,D:\data\HCNC\norway\biographies\storage\MonkeyOCR\digibok_2007031501007\digibok_2007031501007_0102.md,digibok_2007031501007_0102.md,digibok_2007031501007_0102.md,3548.0,3554.0,6.0,0.9797240214024219,0.02452085682074408,0.08426966292134831,87.0,success
digibok_2007031501007_0103,"{'count': 0, 'names': []}","{'count': 1, 'names': ['BRÆKKE, Asborg Jørgine']}",1.0,43.0,D:\data\HCNC\norway\biographies\storage\Dolphin\markdown\digibok_2007031501007_0103.md,D:\data\HCNC\norway\biographies\storage\MonkeyOCR\digibok_2007031501007\digibok_2007031501007_0103.md,digibok_2007031501007_0103.md,digibok_2007031501007_0103.md,2301.0,2656.0,355.0,0.8743191446439379,0.25554106910039115,0.1761194029850746,588.0,success
digibok_2007031501007_0104,,,,44.0,D:\data\HCNC\norway\biographies\storage\Dolphin\markdown\digibok_2007031501007_0104.md,D:\data\HCNC\norway\biographies\storage\MonkeyOCR\digibok_2007031501007\digibok_2007031501007_0104.md,digibok_2007031501007_0104.md,digibok_2007031501007_0104.md,2380.0,2912.0,532.0,0.42214663643235073,1.2584033613445378,1.282122905027933,2995.0,success
digibok_2007031501007_0105,,,,45.0,D:\data\HCNC\norway\biographies\storage\Dolphin\markdown\digibok_2007031501007_0105.md,D:\data\HCNC\norway\biographies\storage\MonkeyOCR\digibok_2007031501007\digibok_2007031501007_0105.md,digibok_2007031501007_0105.md,digibok_2007031501007_0105.md,2484.0,2682.0,198.0,0.8482384823848238,0.24557165861513688,0.1362397820163488,610.0,success
digibok_2007031501007_0106,,,,46.0,D:\data\HCNC\norway\biographies\storage\Dolphin\markdown\digibok_2007031501007_0106.md,D:\data\HCNC\norway\biographies\storage\MonkeyOCR\digibok_2007031501007\digibok_2007031501007_0106.md,digibok_2007031501007_0106.md,digibok_2007031501007_0106.md,2891.0,3015.0,124.0,0.9461564510667119,0.08820477343479764,0.17266187050359713,255.0,success
digibok_2007031501007_0107,,,,47.0,D:\data\HCNC\norway\biographies\storage\Dolphin\markdown\digibok_2007031501007_0107.md,D:\data\HCNC\norway\biographies\storage\MonkeyOCR\digibok_2007031501007\digibok_2007031501007_0107.md,digibok_2007031501007_0107.md,digibok_2007031501007_0107.md,2285.0,2648.0,363.0,0.8068112710318265,0.39080962800875274,0.37026239067055394,893.0,success
digibok_2007031501007_0108,,,,48.0,D:\data\HCNC\norway\biographies\storage\Dolphin\markdown\digibok_2007031501007_0108.md,D:\data\HCNC\norway\biographies\storage\MonkeyOCR\digibok_2007031501007\digibok_2007031501007_0108.md,digibok_2007031501007_0108.md,digibok_2007031501007_0108.md,2901.0,2996.0,95.0,0.9265728336442258,0.0958290244743192,0.1301518438177874,278.0,success
digibok_2007031501007_0109,"{'count': 0, 'names': []}","{'count': 1, 'names': ['BØLSET, Gunnar']}",1.0,49.0,D:\data\HCNC\norway\biographies\storage\Dolphin\markdown\digibok_2007031501007_0109.md,D:\data\HCNC\norway\biographies\storage\MonkeyOCR\digibok_2007031501007\digibok_2007031501007_0109.md,digibok_2007031501007_0109.md,digibok_2007031501007_0109.md,2983.0,3192.0,209.0,0.9379757085020243,0.11364398256788467,0.17088607594936708,339.0,success
digibok_2007031501007_0110,"{'count': 0, 'names': []}","{'count': 1, 'names': ['BØRRESEN, Ingebjørg']}",1.0,50.0,D:\data\HCNC\norway\biographies\storage\Dolphin\markdown\digibok_2007031501007_0110.md,D:\data\HCNC\norway\biographies\storage\MonkeyOCR\digibok_2007031501007\digibok_2007031501007_0110.md,digibok_2007031501007_0110.md,digibok_2007031501007_0110.md,2522.0,2698.0,176.0,0.7126436781609196,0.5364789849325932,0.5674300254452926,1353.0,success
digibok_2007031501007_0111,"{'count': 0, 'names': []}","{'count': 3, 'names': ['BØYESEN, Inger Heide', 'BAALSRUD, Ellen', 'BAALSRUD, Terje']}",3.0,,,,,,,,,,,,,
digibok_2007031501007_0112,,,,51.0,D:\data\HCNC\norway\biographies\storage\Dolphin\markdown\digibok_2007031501007_0112.md,D:\data\HCNC\norway\biographies\storage\MonkeyOCR\digibok_2007031501007\digibok_2007031501007_0112.md,digibok_2007031501007_0112.md,digibok_2007031501007_0112.md,2936.0,3015.0,79.0,0.9285834313560746,0.11035422343324251,0.1559633027522936,324.0,success
digibok_2007031501007_0113,,,,52.0,D:\data\HCNC\norway\biographies\storage\Dolphin\markdown\digibok_2007031501007_0113.md,D:\data\HCNC\norway\biographies\storage\MonkeyOCR\digibok_2007031501007\digibok_2007031501007_0113.md,digibok_2007031501007_0113.md,digibok_2007031501007_0113.md,2263.0,2686.0,423.0,0.8914932309557486,0.2213875386654883,0.24281150159744408,501.0,success
digibok_2007031501007_0114,,,,53.0,D:\data\HCNC\norway\biographies\storage\Dolphin\markdown\digibok_2007031501007_0114.md,D:\data\HCNC\norway\biographies\storage\MonkeyOCR\digibok_2007031501007\digibok_2007031501007_0114.md,digibok_2007031501007_0114.md,digibok_2007031501007_0114.md,3078.0,3151.0,73.0,0.9513565580349976,0.0705003248862898,0.15811088295687886,217.0,success
digibok_2007031501007_0115,,,,54.0,D:\data\HCNC\norway\biographies\storage\Dolphin\markdown\digibok_2007031501007_0115.md,D:\data\HCNC\norway\biographies\storage\MonkeyOCR\digibok_2007031501007\digibok_2007031501007_0115.md,digibok_2007031501007_0115.md,digibok_2007031501007_0115.md,2792.0,3047.0,255.0,0.9255009419421134,0.1303724928366762,0.125,364.0,success
digibok_2007031501007_0116,,,,55.0,D:\data\HCNC\norway\biographies\storage\Dolphin\markdown\digibok_2007031501007_0116.md,D:\data\HCNC\norway\biographies\storage\MonkeyOCR\digibok_2007031501007\digibok_2007031501007_0116.md,digibok_2007031501007_0116.md,digibok_2007031501007_0116.md,1904.0,2154.0,250.0,0.8708723509117792,0.22321428571428573,0.19557195571955718,425.0,success
digibok_2007031501007_0117,,,,56.0,D:\data\HCNC\norway\biographies\storage\Dolphin\markdown\digibok_2007031501007_0117.md,D:\data\HCNC\norway\biographies\storage\MonkeyOCR\digibok_2007031501007\digibok_2007031501007_0117.md,digibok_2007031501007_0117.md,digibok_2007031501007_0117.md,2369.0,2587.0,218.0,0.5036319612590799,1.010552975939215,0.5653409090909091,2394.0,success
digibok_2007031501007_0118,,,,57.0,D:\data\HCNC\norway\biographies\storage\Dolphin\markdown\digibok_2007031501007_0118.md,D:\data\HCNC\norway\biographies\storage\MonkeyOCR\digibok_2007031501007\digibok_2007031501007_0118.md,digibok_2007031501007_0118.md,digibok_2007031501007_0118.md,2263.0,2647.0,384.0,0.8118126272912424,0.3592576226248343,0.24709302325581395,813.0,success
digibok_2007031501007_0119,,,,58.0,D:\data\HCNC\norway\biographies\storage\Dolphin\markdown\digibok_2007031501007_0119.md,D:\data\HCNC\norway\biographies\storage\MonkeyOCR\digibok_2007031501007\digibok_2007031501007_0119.md,digibok_2007031501007_0119.md,digibok_2007031501007_0119.md,2910.0,3031.0,121.0,0.94260225551254,0.08900343642611684,0.11650485436893204,259.0,success
digibok_2007031501007_0120,,,,59.0,D:\data\HCNC\norway\biographies\storage\Dolphin\markdown\digibok_2007031501007_0120.md,D:\data\HCNC\norway\biographies\storage\MonkeyOCR\digibok_2007031501007\digibok_2007031501007_0120.md,digibok_2007031501007_0120.md,digibok_2007031501007_0120.md,3150.0,3196.0,46.0,0.9278285534194768,0.11777777777777777,0.109979633401222,371.0,success
digibok_2007031501007_0121,,,,60.0,D:\data\HCNC\norway\biographies\storage\Dolphin\markdown\digibok_2007031501007_0121.md,D:\data\HCNC\norway\biographies\storage\MonkeyOCR\digibok_2007031501007\digibok_2007031501007_0121.md,digibok_2007031501007_0121.md,digibok_2007031501007_0121.md,2225.0,2786.0,561.0,0.8553182997405707,0.3024719101123596,0.29411764705882354,673.0,success
digibok_2007031501007_0122,,,,61.0,D:\data\HCNC\norway\biographies\storage\Dolphin\markdown\digibok_2007031501007_0122.md,D:\data\HCNC\norway\biographies\storage\MonkeyOCR\digibok_2007031501007\digibok_2007031501007_0122.md,digibok_2007031501007_0122.md,digibok_2007031501007_0122.md,2662.0,2787.0,125.0,0.9407230684529272,0.09654395191585274,0.12030075187969924,257.0,success
digibok_2007031501007_0123,,,,62.0,D:\data\HCNC\norway\biographies\storage\Dolphin\markdown\digibok_2007031501007_0123.md,D:\data\HCNC\norway\biographies\storage\MonkeyOCR\digibok_2007031501007\digibok_2007031501007_0123.md,digibok_2007031501007_0123.md,digibok_2007031501007_0123.md,2894.0,3023.0,129.0,0.9555517998985973,0.07532826537664132,0.0935412026726058,218.0,success
digibok_2007031501007_0124,,,,63.0,D:\data\HCNC\norway\biographies\storage\Dolphin\markdown\digibok_2007031501007_0124.md,D:\data\HCNC\norway\biographies\storage\MonkeyOCR\digibok_2007031501007\digibok_2007031501007_0124.md,digibok_2007031501007_0124.md,digibok_2007031501007_0124.md,3007.0,3135.0,128.0,0.9397590361445783,0.10907881609577652,0.09036144578313253,328.0,success
digibok_2007031501007_0125,,,,64.0,D:\data\HCNC\norway\biographies\storage\Dolphin\markdown\digibok_2007031501007_0125.md,D:\data\HCNC\norway\biographies\storage\MonkeyOCR\digibok_2007031501007\digibok_2007031501007_0125.md,digibok_2007031501007_0125.md,digibok_2007031501007_0125.md,2420.0,2627.0,207.0,0.9288686348325738,0.1268595041322314,0.13119533527696792,307.0,success
digibok_2007031501007_0126,,,,65.0,D:\data\HCNC\norway\biographies\storage\Dolphin\markdown\digibok_2007031501007_0126.md,D:\data\HCNC\norway\biographies\storage\MonkeyOCR\digibok_2007031501007\digibok_2007031501007_0126.md,digibok_2007031501007_0126.md,digibok_2007031501007_0126.md,3129.0,3190.0,61.0,0.808355752492483,0.35091083413231067,0.09504132231404959,1098.0,success
digibok_2007031501007_0127,,,,66.0,D:\data\HCNC\norway\biographies\storage\Dolphin\markdown\digibok_2007031501007_0127.md,D:\data\HCNC\norway\biographies\storage\MonkeyOCR\digibok_2007031501007\digibok_2007031501007_0127.md,digibok_2007031501007_0127.md,digibok_2007031501007_0127.md,2811.0,2953.0,142.0,0.9326856349757113,0.11597296335823551,0.12009237875288684,326.0,success
digibok_2007031501007_0128,"{'count': 0, 'names': []}","{'count': 1, 'names': ['DAEHLI, Sverre John']}",1.0,67.0,D:\data\HCNC\norway\biographies\storage\Dolphin\markdown\digibok_2007031501007_0128.md,D:\data\HCNC\norway\biographies\storage\MonkeyOCR\digibok_2007031501007\digibok_2007031501007_0128.md,digibok_2007031501007_0128.md,digibok_2007031501007_0128.md,2789.0,2980.0,191.0,0.906916276651066,0.1441376837576192,0.21204819277108433,402.0,success
digibok_2007031501007_0129,,,,68.0,D:\data\HCNC\norway\biographies\storage\Dolphin\markdown\digibok_2007031501007_0129.md,D:\data\HCNC\norway\biographies\storage\MonkeyOCR\digibok_2007031501007\digibok_2007031501007_0129.md,digibok_2007031501007_0129.md,digibok_2007031501007_0129.md,2444.0,3024.0,580.0,0.7820043891733723,0.425531914893617,0.359375,1040.0,success
digibok_2007031501007_0130,,,,69.0,D:\data\HCNC\norway\biographies\storage\Dolphin\markdown\digibok_2007031501007_0130.md,D:\data\HCNC\norway\biographies\storage\MonkeyOCR\digibok_2007031501007\digibok_2007031501007_0130.md,digibok_2007031501007_0130.md,digibok_2007031501007_0130.md,2400.0,2583.0,183.0,0.9062813566124824,0.1525,0.16338028169014085,366.0,success
digibok_2007031501007_0131,,,,70.0,D:\data\HCNC\norway\biographies\storage\Dolphin\markdown\digibok_2007031501007_0131.md,D:\data\HCNC\norway\biographies\storage\MonkeyOCR\digibok_2007031501007\digibok_2007031501007_0131.md,digibok_2007031501007_0131.md,digibok_2007031501007_0131.md,2916.0,3029.0,113.0,0.4938603868797309,1.0181755829903978,0.5022321428571429,2969.0,success
digibok_2007031501007_0132,,,,71.0,D:\data\HCNC\norway\biographies\storage\Dolphin\markdown\digibok_2007031501007_0132.md,D:\data\HCNC\norway\biographies\storage\MonkeyOCR\digibok_2007031501007\digibok_2007031501007_0132.md,digibok_2007031501007_0132.md,digibok_2007031501007_0132.md,2492.0,2673.0,181.0,0.9219748305905131,0.13242375601926162,0.15608465608465608,330.0,success
digibok_2007031501007_0133,,,,72.0,D:\data\HCNC\norway\biographies\storage\Dolphin\markdown\digibok_2007031501007_0133.md,D:\data\HCNC\norway\biographies\storage\MonkeyOCR\digibok_2007031501007\digibok_2007031501007_0133.md,digibok_2007031501007_0133.md,digibok_2007031501007_0133.md,2352.0,2584.0,232.0,0.850486223662885,0.21683673469387754,0.18051575931232092,510.0,success
digibok_2007031501007_0134,"{'count': 0, 'names': []}","{'count': 1, 'names': ['EIDSBØ, Per-Fredrik']}",1.0,73.0,D:\data\HCNC\norway\biographies\storage\Dolphin\markdown\digibok_2007031501007_0134.md,D:\data\HCNC\norway\biographies\storage\MonkeyOCR\digibok_2007031501007\digibok_2007031501007_0134.md,digibok_2007031501007_0134.md,digibok_2007031501007_0134.md,2694.0,2862.0,168.0,0.9132469402447804,0.13511507052709726,0.17475728155339806,364.0,success
digibok_2007031501007_0135,,,,74.0,D:\data\HCNC\norway\biographies\storage\Dolphin\markdown\digibok_2007031501007_0135.md,D:\data\HCNC\norway\biographies\storage\MonkeyOCR\digibok_2007031501007\digibok_2007031501007_0135.md,digibok_2007031501007_0135.md,digibok_2007031501007_0135.md,2138.0,2374.0,236.0,0.6223404255319149,0.775491113189897,0.609375,1658.0,success
digibok_2007031501007_0136,,,,75.0,D:\data\HCNC\norway\biographies\storage\Dolphin\markdown\digibok_2007031501007_0136.md,D:\data\HCNC\norway\biographies\storage\MonkeyOCR\digibok_2007031501007\digibok_2007031501007_0136.md,digibok_2007031501007_0136.md,digibok_2007031501007_0136.md,2989.0,3114.0,125.0,0.9238079632967393,0.11274673803947809,0.19334719334719336,337.0,success
digibok_2007031501007_0137,,,,76.0,D:\data\HCNC\norway\biographies\storage\Dolphin\markdown\digibok_2007031501007_0137.md,D:\data\HCNC\norway\biographies\storage\MonkeyOCR\digibok_2007031501007\digibok_2007031501007_0137.md,digibok_2007031501007_0137.md,digibok_2007031501007_0137.md,2701.0,2920.0,219.0,0.6002490660024906,0.7919289152165865,0.6428571428571429,2139.0,success
digibok_2007031501007_0138,,,,77.0,D:\data\HCNC\norway\biographies\storage\Dolphin\markdown\digibok_2007031501007_0138.md,D:\data\HCNC\norway\biographies\storage\MonkeyOCR\digibok_2007031501007\digibok_2007031501007_0138.md,digibok_2007031501007_0138.md,digibok_2007031501007_0138.md,2712.0,2922.0,210.0,0.9311324103656372,0.11651917404129794,0.13221153846153846,316.0,success
digibok_2007031501007_0139,,,,78.0,D:\data\HCNC\norway\biographies\storage\Dolphin\markdown\digibok_2007031501007_0139.md,D:\data\HCNC\norway\biographies\storage\MonkeyOCR\digibok_2007031501007\digibok_2007031501007_0139.md,digibok_2007031501007_0139.md,digibok_2007031501007_0139.md,2669.0,2799.0,130.0,0.6335040234089246,0.7321094042712627,0.5375302663438256,1954.0,success
digibok_2007031501007_0140,,,,79.0,D:\data\HCNC\norway\biographies\storage\Dolphin\markdown\digibok_2007031501007_0140.md,D:\data\HCNC\norway\biographies\storage\MonkeyOCR\digibok_2007031501007\digibok_2007031501007_0140.md,digibok_2007031501007_0140.md,digibok_2007031501007_0140.md,2564.0,2756.0,192.0,0.9180451127819549,0.13650546021840873,0.10379746835443038,350.0,success
digibok_2007031501007_0141,,,,80.0,D:\data\HCNC\norway\biographies\storage\Dolphin\markdown\digibok_2007031501007_0141.md,D:\data\HCNC\norway\biographies\storage\MonkeyOCR\digibok_2007031501007\digibok_2007031501007_0141.md,digibok_2007031501007_0141.md,digibok_2007031501007_0141.md,3015.0,3138.0,123.0,0.932228181374939,0.12039800995024875,0.11674008810572688,363.0,success
digibok_2007031501007_0142,,,,81.0,D:\data\HCNC\norway\biographies\storage\Dolphin\markdown\digibok_2007031501007_0142.md,D:\data\HCNC\norway\biographies\storage\MonkeyOCR\digibok_2007031501007\digibok_2007031501007_0142.md,digibok_2007031501007_0142.md,digibok_2007031501007_0142.md,3155.0,3307.0,152.0,0.9560507582791705,0.0751188589540412,0.1103448275862069,237.0,success
digibok_2007031501007_0143,,,,82.0,D:\data\HCNC\norway\biographies\storage\Dolphin\markdown\digibok_2007031501007_0143.md,D:\data\HCNC\norway\biographies\storage\MonkeyOCR\digibok_2007031501007\digibok_2007031501007_0143.md,digibok_2007031501007_0143.md,digibok_2007031501007_0143.md,2298.0,2489.0,191.0,0.4019218717359515,1.1057441253263707,0.5850746268656717,2541.0,success
digibok_2007031501007_0144,,,,83.0,D:\data\HCNC\norway\biographies\storage\Dolphin\markdown\digibok_2007031501007_0144.md,D:\data\HCNC\norway\biographies\storage\MonkeyOCR\digibok_2007031501007\digibok_2007031501007_0144.md,digibok_2007031501007_0144.md,digibok_2007031501007_0144.md,2393.0,2578.0,185.0,0.9257694628847315,0.12661930631007104,0.10164835164835165,303.0,success
digibok_2007031501007_0145,"{'count': 0, 'names': []}","{'count': 1, 'names': ['ESKERUD, Ove Ragnar']}",1.0,84.0,D:\data\HCNC\norway\biographies\storage\Dolphin\markdown\digibok_2007031501007_0145.md,D:\data\HCNC\norway\biographies\storage\MonkeyOCR\digibok_2007031501007\digibok_2007031501007_0145.md,digibok_2007031501007_0145.md,digibok_2007031501007_0145.md,2653.0,2805.0,152.0,0.9300109930377428,0.10855635130041462,0.1343669250645995,288.0,success
digibok_2007031501007_0146,,,,85.0,D:\data\HCNC\norway\biographies\storage\Dolphin\markdown\digibok_2007031501007_0146.md,D:\data\HCNC\norway\biographies\storage\MonkeyOCR\digibok_2007031501007\digibok_2007031501007_0146.md,digibok_2007031501007_0146.md,digibok_2007031501007_0146.md,2533.0,2715.0,182.0,0.9314024390243902,0.12159494670351362,0.12332439678284182,308.0,success
digibok_2007031501007_0147,"{'count': 2, 'names': ['FAGERENG, Reidar Engelstad Feldtmann', 'FALCK-JØRGENSEN, Julie Augusta']}","{'count': 1, 'names': ['FALCHENBERG, Bjørn']}",3.0,86.0,D:\data\HCNC\norway\biographies\storage\Dolphin\markdown\digibok_2007031501007_0147.md,D:\data\HCNC\norway\biographies\storage\MonkeyOCR\digibok_2007031501007\digibok_2007031501007_0147.md,digibok_2007031501007_0147.md,digibok_2007031501007_0147.md,2363.0,2568.0,205.0,0.8979922936524032,0.17985611510791366,0.15555555555555556,425.0,success
digibok_2007031501007_0148,,,,87.0,D:\data\HCNC\norway\biographies\storage\Dolphin\markdown\digibok_2007031501007_0148.md,D:\data\HCNC\norway\biographies\storage\MonkeyOCR\digibok_2007031501007\digibok_2007031501007_0148.md,digibok_2007031501007_0148.md,digibok_2007031501007_0148.md,2259.0,2440.0,181.0,0.9206214088103852,0.13811420982735723,0.16477272727272727,312.0,success
digibok_2007031501007_0149,,,,88.0,D:\data\HCNC\norway\biographies\storage\Dolphin\markdown\digibok_2007031501007_0149.md,D:\data\HCNC\norway\biographies\storage\MonkeyOCR\digibok_2007031501007\digibok_2007031501007_0149.md,digibok_2007031501007_0149.md,digibok_2007031501007_0149.md,2869.0,3002.0,133.0,0.8693578606710952,0.21749738584872777,0.14038876889848811,624.0,success
digibok_2007031501007_0150,"{'count': 0, 'names': []}","{'count': 3, 'names': ['FJELD, Gerd', 'FJELD, Oskar Konrad', 'FJELL, Kitty Antonie']}",3.0,,,,,,,,,,,,,
digibok_2007031501007_0151,"{'count': 3, 'names': ['FJELLBIRKELAND, Erling', 'FJELLSKAALNES, Magda', 'FJERDINGSTAD, Trygve']}","{'count': 0, 'names': []}",3.0,,,,,,,,,,,,,
digibok_2007031501007_0152,,,,89.0,D:\data\HCNC\norway\biographies\storage\Dolphin\markdown\digibok_2007031501007_0152.md,D:\data\HCNC\norway\biographies\storage\MonkeyOCR\digibok_2007031501007\digibok_2007031501007_0152.md,digibok_2007031501007_0152.md,digibok_2007031501007_0152.md,2981.0,3185.0,204.0,0.9370742783003568,0.10902381751090238,0.1811926605504587,325.0,success
digibok_2007031501007_0153,,,,90.0,D:\data\HCNC\norway\biographies\storage\Dolphin\markdown\digibok_2007031501007_0153.md,D:\data\HCNC\norway\biographies\storage\MonkeyOCR\digibok_2007031501007\digibok_2007031501007_0153.md,digibok_2007031501007_0153.md,digibok_2007031501007_0153.md,2410.0,2701.0,291.0,0.8929759342594404,0.1821576763485477,0.28184281842818426,439.0,success
digibok_2007031501007_0154,,,,91.0,D:\data\HCNC\norway\biographies\storage\Dolphin\markdown\digibok_2007031501007_0154.md,D:\data\HCNC\norway\biographies\storage\MonkeyOCR\digibok_2007031501007\digibok_2007031501007_0154.md,digibok_2007031501007_0154.md,digibok_2007031501007_0154.md,3491.0,3554.0,63.0,0.9410929737402413,0.07762818676596964,0.1267056530214425,271.0,success
digibok_2007031501007_0155,,,,92.0,D:\data\HCNC\norway\biographies\storage\Dolphin\markdown\digibok_2007031501007_0155.md,D:\data\HCNC\norway\biographies\storage\MonkeyOCR\digibok_2007031501007\digibok_2007031501007_0155.md,digibok_2007031501007_0155.md,digibok_2007031501007_0155.md,2944.0,3070.0,126.0,0.847356168939142,0.2673233695652174,0.1777301927194861,787.0,success
digibok_2007031501007_0156,"{'count': 0, 'names': []}","{'count': 3, 'names': ['FLAATEN, Carl Haakon', 'FLAATEN, Aaslaug', 'FLAATTEN, Eivind']}",3.0,,,,,,,,,,,,,
digibok_2007031501007_0157,,,,93.0,D:\data\HCNC\norway\biographies\storage\Dolphin\markdown\digibok_2007031501007_0157.md,D:\data\HCNC\norway\biographies\storage\MonkeyOCR\digibok_2007031501007\digibok_2007031501007_0157.md,digibok_2007031501007_0157.md,digibok_2007031501007_0157.md,2637.0,2940.0,303.0,0.9037116729424421,0.17178612059158135,0.20876288659793815,453.0,success
digibok_2007031501007_0158,,,,94.0,D:\data\HCNC\norway\biographies\storage\Dolphin\markdown\digibok_2007031501007_0158.md,D:\data\HCNC\norway\biographies\storage\MonkeyOCR\digibok_2007031501007\digibok_2007031501007_0158.md,digibok_2007031501007_0158.md,digibok_2007031501007_0158.md,2802.0,2923.0,121.0,0.914235807860262,0.12098501070663811,0.14858490566037735,339.0,success
digibok_2007031501007_0159,,,,95.0,D:\data\HCNC\norway\biographies\storage\Dolphin\markdown\digibok_2007031501007_0159.md,D:\data\HCNC\norway\biographies\storage\MonkeyOCR\digibok_2007031501007\digibok_2007031501007_0159.md,digibok_2007031501007_0159.md,digibok_2007031501007_0159.md,2491.0,2944.0,453.0,0.8415823367065317,0.3151344841429145,0.23746701846965698,785.0,success
digibok_2007031501007_0160,,,,96.0,D:\data\HCNC\norway\biographies\storage\Dolphin\markdown\digibok_2007031501007_0160.md,D:\data\HCNC\norway\biographies\storage\MonkeyOCR\digibok_2007031501007\digibok_2007031501007_0160.md,digibok_2007031501007_0160.md,digibok_2007031501007_0160.md,2330.0,2582.0,252.0,0.8994299674267101,0.17982832618025751,0.1921921921921922,419.0,success
digibok_2007031501007_0161,"{'count': 0, 'names': []}","{'count': 2, 'names': ['FRØYSA, Jon Ingolf', 'FÆGRI, Nancy']}",2.0,97.0,D:\data\HCNC\norway\biographies\storage\Dolphin\markdown\digibok_2007031501007_0161.md,D:\data\HCNC\norway\biographies\storage\MonkeyOCR\digibok_2007031501007\digibok_2007031501007_0161.md,digibok_2007031501007_0161.md,digibok_2007031501007_0161.md,2488.0,2720.0,232.0,0.8997695852534562,0.16680064308681672,0.18253968253968253,415.0,success
digibok_2007031501007_0162,,,,98.0,D:\data\HCNC\norway\biographies\storage\Dolphin\markdown\digibok_2007031501007_0162.md,D:\data\HCNC\norway\biographies\storage\MonkeyOCR\digibok_2007031501007\digibok_2007031501007_0162.md,digibok_2007031501007_0162.md,digibok_2007031501007_0162.md,2565.0,2655.0,90.0,0.9260536398467433,0.11345029239766082,0.14540816326530612,291.0,success
digibok_2007031501007_0163,,,,99.0,D:\data\HCNC\norway\biographies\storage\Dolphin\markdown\digibok_2007031501007_0163.md,D:\data\HCNC\norway\biographies\storage\MonkeyOCR\digibok_2007031501007\digibok_2007031501007_0163.md,digibok_2007031501007_0163.md,digibok_2007031501007_0163.md,3250.0,3324.0,74.0,0.9710982658959537,0.04707692307692308,0.10810810810810811,153.0,success
digibok_2007031501007_0164,,,,100.0,D:\data\HCNC\norway\biographies\storage\Dolphin\markdown\digibok_2007031501007_0164.md,D:\data\HCNC\norway\biographies\storage\MonkeyOCR\digibok_2007031501007\digibok_2007031501007_0164.md,digibok_2007031501007_0164.md,digibok_2007031501007_0164.md,2834.0,2975.0,141.0,0.9395765191943536,0.09985885673959069,0.13231552162849872,283.0,success
digibok_2007031501007_0165,,,,101.0,D:\data\HCNC\norway\biographies\storage\Dolphin\markdown\digibok_2007031501007_0165.md,D:\data\HCNC\norway\biographies\storage\MonkeyOCR\digibok_2007031501007\digibok_2007031501007_0165.md,digibok_2007031501007_0165.md,digibok_2007031501007_0165.md,1910.0,2525.0,615.0,0.18850056369785795,1.8675392670157067,0.9214285714285714,3567.0,success
digibok_2007031501007_0166,,,,102.0,D:\data\HCNC\norway\biographies\storage\Dolphin\markdown\digibok_2007031501007_0166.md,D:\data\HCNC\norway\biographies\storage\MonkeyOCR\digibok_2007031501007\digibok_2007031501007_0166.md,digibok_2007031501007_0166.md,digibok_2007031501007_0166.md,1669.0,2079.0,410.0,0.708110992529349,0.6075494307968844,0.29545454545454547,1014.0,success
digibok_2007031501007_0167,,,,103.0,D:\data\HCNC\norway\biographies\storage\Dolphin\markdown\digibok_2007031501007_0167.md,D:\data\HCNC\norway\biographies\storage\MonkeyOCR\digibok_2007031501007\digibok_2007031501007_0167.md,digibok_2007031501007_0167.md,digibok_2007031501007_0167.md,2811.0,2940.0,129.0,0.9573987132672579,0.0736392742796158,0.06521739130434782,207.0,success
digibok_2007031501007_0168,"{'count': 1, 'names': ['GJAÈRE, Kåre Arne']}","{'count': 1, 'names': ['† GJÆRE, Kåre Arne']}",2.0,104.0,D:\data\HCNC\norway\biographies\storage\Dolphin\markdown\digibok_2007031501007_0168.md,D:\data\HCNC\norway\biographies\storage\MonkeyOCR\digibok_2007031501007\digibok_2007031501007_0168.md,digibok_2007031501007_0168.md,digibok_2007031501007_0168.md,3130.0,3367.0,237.0,0.9004155764198861,0.16677316293929711,0.13785557986870897,522.0,success
digibok_2007031501007_0169,,,,105.0,D:\data\HCNC\norway\biographies\storage\Dolphin\markdown\digibok_2007031501007_0169.md,D:\data\HCNC\norway\biographies\storage\MonkeyOCR\digibok_2007031501007\digibok_2007031501007_0169.md,digibok_2007031501007_0169.md,digibok_2007031501007_0169.md,2930.0,3000.0,70.0,0.7730185497470489,0.4116040955631399,0.3717391304347826,1206.0,success
digibok_2007031501007_0170,,,,106.0,D:\data\HCNC\norway\biographies\storage\Dolphin\markdown\digibok_2007031501007_0170.md,D:\data\HCNC\norway\biographies\storage\MonkeyOCR\digibok_2007031501007\digibok_2007031501007_0170.md,digibok_2007031501007_0170.md,digibok_2007031501007_0170.md,2895.0,3085.0,190.0,0.8163879598662207,0.33678756476683935,0.25790754257907544,975.0,success
digibok_2007031501007_0171,,,,107.0,D:\data\HCNC\norway\biographies\storage\Dolphin\markdown\digibok_2007031501007_0171.md,D:\data\HCNC\norway\biographies\storage\MonkeyOCR\digibok_2007031501007\digibok_2007031501007_0171.md,digibok_2007031501007_0171.md,digibok_2007031501007_0171.md,2786.0,2913.0,127.0,0.9282330233374276,0.12419239052404882,0.08428246013667426,346.0,success
digibok_2007031501007_0172,,,,108.0,D:\data\HCNC\norway\biographies\storage\Dolphin\markdown\digibok_2007031501007_0172.md,D:\data\HCNC\norway\biographies\storage\MonkeyOCR\digibok_2007031501007\digibok_2007031501007_0172.md,digibok_2007031501007_0172.md,digibok_2007031501007_0172.md,2123.0,2326.0,203.0,0.9166104742638795,0.15779557230334432,0.1476923076923077,335.0,success
digibok_2007031501007_0173,,,,109.0,D:\data\HCNC\norway\biographies\storage\Dolphin\markdown\digibok_2007031501007_0173.md,D:\data\HCNC\norway\biographies\storage\MonkeyOCR\digibok_2007031501007\digibok_2007031501007_0173.md,digibok_2007031501007_0173.md,digibok_2007031501007_0173.md,1965.0,2220.0,255.0,0.5405017921146953,0.843765903307888,0.5567010309278351,1658.0,success
digibok_2007031501007_0174,,,,110.0,D:\data\HCNC\norway\biographies\storage\Dolphin\markdown\digibok_2007031501007_0174.md,D:\data\HCNC\norway\biographies\storage\MonkeyOCR\digibok_2007031501007\digibok_2007031501007_0174.md,digibok_2007031501007_0174.md,digibok_2007031501007_0174.md,3443.0,3523.0,80.0,0.8636233132357163,0.22015683996514668,0.1927710843373494,758.0,success
digibok_2007031501007_0175,"{'count': 0, 'names': []}","{'count': 1, 'names': ['GRÜNER, Ellen Sonja']}",1.0,111.0,D:\data\HCNC\norway\biographies\storage\Dolphin\markdown\digibok_2007031501007_0175.md,D:\data\HCNC\norway\biographies\storage\MonkeyOCR\digibok_2007031501007\digibok_2007031501007_0175.md,digibok_2007031501007_0175.md,digibok_2007031501007_0175.md,2618.0,2732.0,114.0,0.9285981308411215,0.11573720397249809,0.17974683544303796,303.0,success
digibok_2007031501007_0176,,,,112.0,D:\data\HCNC\norway\biographies\storage\Dolphin\markdown\digibok_2007031501007_0176.md,D:\data\HCNC\norway\biographies\storage\MonkeyOCR\digibok_2007031501007\digibok_2007031501007_0176.md,digibok_2007031501007_0176.md,digibok_2007031501007_0176.md,2403.0,2583.0,180.0,0.9097472924187726,0.15980024968789014,0.1636904761904762,384.0,success
digibok_2007031501007_0177,,,,113.0,D:\data\HCNC\norway\biographies\storage\Dolphin\markdown\digibok_2007031501007_0177.md,D:\data\HCNC\norway\biographies\storage\MonkeyOCR\digibok_2007031501007\digibok_2007031501007_0177.md,digibok_2007031501007_0177.md,digibok_2007031501007_0177.md,2117.0,2368.0,251.0,0.8994425863991081,0.17949929145016533,0.11784511784511785,380.0,success
digibok_2007031501007_0178,,,,114.0,D:\data\HCNC\norway\biographies\storage\Dolphin\markdown\digibok_2007031501007_0178.md,D:\data\HCNC\norway\biographies\storage\MonkeyOCR\digibok_2007031501007\digibok_2007031501007_0178.md,digibok_2007031501007_0178.md,digibok_2007031501007_0178.md,2490.0,2744.0,254.0,0.7665265571264807,0.43855421686746987,0.4339080459770115,1092.0,success
digibok_2007031501007_0179,,,,115.0,D:\data\HCNC\norway\biographies\storage\Dolphin\markdown\digibok_2007031501007_0179.md,D:\data\HCNC\norway\biographies\storage\MonkeyOCR\digibok_2007031501007\digibok_2007031501007_0179.md,digibok_2007031501007_0179.md,digibok_2007031501007_0179.md,2197.0,2506.0,309.0,0.8943227726982776,0.19663177059626763,0.20923076923076922,432.0,success
digibok_2007031501007_0180,,,,116.0,D:\data\HCNC\norway\biographies\storage\Dolphin\markdown\digibok_2007031501007_0180.md,D:\data\HCNC\norway\biographies\storage\MonkeyOCR\digibok_2007031501007\digibok_2007031501007_0180.md,digibok_2007031501007_0180.md,digibok_2007031501007_0180.md,2455.0,2568.0,113.0,0.9321122834959188,0.10875763747454176,0.18181818181818182,267.0,success
digibok_2007031501007_0181,,,,117.0,D:\data\HCNC\norway\biographies\storage\Dolphin\markdown\digibok_2007031501007_0181.md,D:\data\HCNC\norway\biographies\storage\MonkeyOCR\digibok_2007031501007\digibok_2007031501007_0181.md,digibok_2007031501007_0181.md,digibok_2007031501007_0181.md,2485.0,2670.0,185.0,0.9129000969932105,0.15412474849094568,0.16531165311653118,383.0,success
digibok_2007031501007_0182,,,,118.0,D:\data\HCNC\norway\biographies\storage\Dolphin\markdown\digibok_2007031501007_0182.md,D:\data\HCNC\norway\biographies\storage\MonkeyOCR\digibok_2007031501007\digibok_2007031501007_0182.md,digibok_2007031501007_0182.md,digibok_2007031501007_0182.md,2992.0,3114.0,122.0,0.9413691451031772,0.10060160427807487,0.08723404255319149,301.0,success
digibok_2007031501007_0183,,,,119.0,D:\data\HCNC\norway\biographies\storage\Dolphin\markdown\digibok_2007031501007_0183.md,D:\data\HCNC\norway\biographies\storage\MonkeyOCR\digibok_2007031501007\digibok_2007031501007_0183.md,digibok_2007031501007_0183.md,digibok_2007031501007_0183.md,2601.0,2935.0,334.0,0.9039017341040463,0.18031526336024606,0.18932038834951456,469.0,success
digibok_2007031501007_0184,"{'count': 0, 'names': []}","{'count': 1, 'names': ['HAGEN, Asbjørn']}",1.0,120.0,D:\data\HCNC\norway\biographies\storage\Dolphin\markdown\digibok_2007031501007_0184.md,D:\data\HCNC\norway\biographies\storage\MonkeyOCR\digibok_2007031501007\digibok_2007031501007_0184.md,digibok_2007031501007_0184.md,digibok_2007031501007_0184.md,2754.0,2953.0,199.0,0.94480462589802,0.09840232389251997,0.1016949152542373,271.0,success
digibok_2007031501007_0185,,,,121.0,D:\data\HCNC\norway\biographies\storage\Dolphin\markdown\digibok_2007031501007_0185.md,D:\data\HCNC\norway\biographies\storage\MonkeyOCR\digibok_2007031501007\digibok_2007031501007_0185.md,digibok_2007031501007_0185.md,digibok_2007031501007_0185.md,2330.0,2511.0,181.0,0.923362941541004,0.13004291845493562,0.12464589235127478,303.0,success
digibok_2007031501007_0186,"{'count': 0, 'names': []}","{'count': 4, 'names': ['HALLING, Ralph Christian', 'HALSE, Karl', 'HALSVIK, Gerche Jahn', 'HALTVIK, Thyra Margrethe']}",4.0,,,,,,,,,,,,,
digibok_2007031501007_0187,,,,122.0,D:\data\HCNC\norway\biographies\storage\Dolphin\markdown\digibok_2007031501007_0187.md,D:\data\HCNC\norway\biographies\storage\MonkeyOCR\digibok_2007031501007\digibok_2007031501007_0187.md,digibok_2007031501007_0187.md,digibok_2007031501007_0187.md,2679.0,2806.0,127.0,0.9378304466727438,0.10377006345651363,0.08831168831168831,278.0,success
digibok_2007031501007_0188,,,,123.0,D:\data\HCNC\norway\biographies\storage\Dolphin\markdown\digibok_2007031501007_0188.md,D:\data\HCNC\norway\biographies\storage\MonkeyOCR\digibok_2007031501007\digibok_2007031501007_0188.md,digibok_2007031501007_0188.md,digibok_2007031501007_0188.md,3030.0,3164.0,134.0,0.9405876654827252,0.09108910891089109,0.17162471395881007,276.0,success
digibok_2007031501007_0189,,,,124.0,D:\data\HCNC\norway\biographies\storage\Dolphin\markdown\digibok_2007031501007_0189.md,D:\data\HCNC\norway\biographies\storage\MonkeyOCR\digibok_2007031501007\digibok_2007031501007_0189.md,digibok_2007031501007_0189.md,digibok_2007031501007_0189.md,2360.0,2475.0,115.0,0.9319544984488107,0.11906779661016949,0.1331521739130435,281.0,success
digibok_2007031501007_0190,,,,125.0,D:\data\HCNC\norway\biographies\storage\Dolphin\markdown\digibok_2007031501007_0190.md,D:\data\HCNC\norway\biographies\storage\MonkeyOCR\digibok_2007031501007\digibok_2007031501007_0190.md,digibok_2007031501007_0190.md,digibok_2007031501007_0190.md,2689.0,2879.0,190.0,0.9263649425287356,0.12458162885831164,0.16183574879227053,335.0,success
digibok_2007031501007_0191,,,,126.0,D:\data\HCNC\norway\biographies\storage\Dolphin\markdown\digibok_2007031501007_0191.md,D:\data\HCNC\norway\biographies\storage\MonkeyOCR\digibok_2007031501007\digibok_2007031501007_0191.md,digibok_2007031501007_0191.md,digibok_2007031501007_0191.md,2737.0,2803.0,66.0,0.9667870036101083,0.052977712824260136,0.12990196078431374,145.0,success
digibok_2007031501007_0192,,,,127.0,D:\data\HCNC\norway\biographies\storage\Dolphin\markdown\digibok_2007031501007_0192.md,D:\data\HCNC\norway\biographies\storage\MonkeyOCR\digibok_2007031501007\digibok_2007031501007_0192.md,digibok_2007031501007_0192.md,digibok_2007031501007_0192.md,2334.0,2513.0,179.0,0.9317103362904889,0.12296486718080549,0.12094395280235988,287.0,success
digibok_2007031501007_0193,,,,128.0,D:\data\HCNC\norway\biographies\storage\Dolphin\markdown\digibok_2007031501007_0193.md,D:\data\HCNC\norway\biographies\storage\MonkeyOCR\digibok_2007031501007\digibok_2007031501007_0193.md,digibok_2007031501007_0193.md,digibok_2007031501007_0193.md,2268.0,2457.0,189.0,0.6234920634920635,0.7425044091710759,0.3507692307692308,1684.0,success
digibok_2007031501007_0194,,,,129.0,D:\data\HCNC\norway\biographies\storage\Dolphin\markdown\digibok_2007031501007_0194.md,D:\data\HCNC\norway\biographies\storage\MonkeyOCR\digibok_2007031501007\digibok_2007031501007_0194.md,digibok_2007031501007_0194.md,digibok_2007031501007_0194.md,2622.0,2782.0,160.0,0.8667653589933383,0.2410373760488177,0.2040302267002519,632.0,success
digibok_2007031501007_0195,,,,130.0,D:\data\HCNC\norway\biographies\storage\Dolphin\markdown\digibok_2007031501007_0195.md,D:\data\HCNC\norway\biographies\storage\MonkeyOCR\digibok_2007031501007\digibok_2007031501007_0195.md,digibok_2007031501007_0195.md,digibok_2007031501007_0195.md,3034.0,14677.0,11643.0,0.3222855852295184,3.9007910349373764,4.3558558558558556,11835.0,success
digibok_2007031501007_0196,,,,131.0,D:\data\HCNC\norway\biographies\storage\Dolphin\markdown\digibok_2007031501007_0196.md,D:\data\HCNC\norway\biographies\storage\MonkeyOCR\digibok_2007031501007\digibok_2007031501007_0196.md,digibok_2007031501007_0196.md,digibok_2007031501007_0196.md,2450.0,2635.0,185.0,0.87944936086529,0.22448979591836735,0.1763157894736842,550.0,success
digibok_2007031501007_0197,,,,132.0,D:\data\HCNC\norway\biographies\storage\Dolphin\markdown\digibok_2007031501007_0197.md,D:\data\HCNC\norway\biographies\storage\MonkeyOCR\digibok_2007031501007\digibok_2007031501007_0197.md,digibok_2007031501007_0197.md,digibok_2007031501007_0197.md,2355.0,2685.0,330.0,0.8904761904761904,0.19830148619957538,0.19540229885057472,467.0,success
digibok_2007031501007_0198,,,,133.0,D:\data\HCNC\norway\biographies\storage\Dolphin\markdown\digibok_2007031501007_0198.md,D:\data\HCNC\norway\biographies\storage\MonkeyOCR\digibok_2007031501007\digibok_2007031501007_0198.md,digibok_2007031501007_0198.md,digibok_2007031501007_0198.md,2982.0,3068.0,86.0,0.9176859504132231,0.14352783366867874,0.1752808988764045,428.0,success
digibok_2007031501007_0199,,,,134.0,D:\data\HCNC\norway\biographies\storage\Dolphin\markdown\digibok_2007031501007_0199.md,D:\data\HCNC\norway\biographies\storage\MonkeyOCR\digibok_2007031501007\digibok_2007031501007_0199.md,digibok_2007031501007_0199.md,digibok_2007031501007_0199.md,2221.0,2418.0,197.0,0.889415822375512,0.21837010355695632,0.17771084337349397,485.0,success
digibok_2007031501007_0200,,,,135.0,D:\data\HCNC\norway\biographies\storage\Dolphin\markdown\digibok_2007031501007_0200.md,D:\data\HCNC\norway\biographies\storage\MonkeyOCR\digibok_2007031501007\digibok_2007031501007_0200.md,digibok_2007031501007_0200.md,digibok_2007031501007_0200.md,3361.0,3454.0,93.0,0.9135730007336758,0.13359119309729248,0.13025210084033614,449.0,success
digibok_2007031501007_0201,,,,136.0,D:\data\HCNC\norway\biographies\storage\Dolphin\markdown\digibok_2007031501007_0201.md,D:\data\HCNC\norway\biographies\storage\MonkeyOCR\digibok_2007031501007\digibok_2007031501007_0201.md,digibok_2007031501007_0201.md,digibok_2007031501007_0201.md,2680.0,2806.0,126.0,0.6678818811520233,0.6492537313432836,0.3374384236453202,1740.0,success
digibok_2007031501007_0202,,,,137.0,D:\data\HCNC\norway\biographies\storage\Dolphin\markdown\digibok_2007031501007_0202.md,D:\data\HCNC\norway\biographies\storage\MonkeyOCR\digibok_2007031501007\digibok_2007031501007_0202.md,digibok_2007031501007_0202.md,digibok_2007031501007_0202.md,2576.0,2705.0,129.0,0.9180079530391971,0.11956521739130435,0.1402116402116402,308.0,success
digibok_2007031501007_0203,"{'count': 0, 'names': []}","{'count': 1, 'names': ['HELLAND, Olav']}",1.0,138.0,D:\data\HCNC\norway\biographies\storage\Dolphin\markdown\digibok_2007031501007_0203.md,D:\data\HCNC\norway\biographies\storage\MonkeyOCR\digibok_2007031501007\digibok_2007031501007_0203.md,digibok_2007031501007_0203.md,digibok_2007031501007_0203.md,2932.0,3058.0,126.0,0.937228714524207,0.09242837653478854,0.09777777777777778,271.0,success
digibok_2007031501007_0204,,,,139.0,D:\data\HCNC\norway\biographies\storage\Dolphin\markdown\digibok_2007031501007_0204.md,D:\data\HCNC\norway\biographies\storage\MonkeyOCR\digibok_2007031501007\digibok_2007031501007_0204.md,digibok_2007031501007_0204.md,digibok_2007031501007_0204.md,2491.0,2686.0,195.0,0.7135406606142554,0.5708550782818146,0.5685131195335277,1422.0,success
digibok_2007031501007_0205,,,,140.0,D:\data\HCNC\norway\biographies\storage\Dolphin\markdown\digibok_2007031501007_0205.md,D:\data\HCNC\norway\biographies\storage\MonkeyOCR\digibok_2007031501007\digibok_2007031501007_0205.md,digibok_2007031501007_0205.md,digibok_2007031501007_0205.md,2278.0,2468.0,190.0,0.5406658238516645,0.9284460052677788,0.6109422492401215,2115.0,success
digibok_2007031501007_0206,,,,141.0,D:\data\HCNC\norway\biographies\storage\Dolphin\markdown\digibok_2007031501007_0206.md,D:\data\HCNC\norway\biographies\storage\MonkeyOCR\digibok_2007031501007\digibok_2007031501007_0206.md,digibok_2007031501007_0206.md,digibok_2007031501007_0206.md,2403.0,2570.0,167.0,0.7134526442791072,0.5613816063254266,0.5172413793103449,1349.0,success
digibok_2007031501007_0207,,,,142.0,D:\data\HCNC\norway\biographies\storage\Dolphin\markdown\digibok_2007031501007_0207.md,D:\data\HCNC\norway\biographies\storage\MonkeyOCR\digibok_2007031501007\digibok_2007031501007_0207.md,digibok_2007031501007_0207.md,digibok_2007031501007_0207.md,2538.0,2720.0,182.0,0.897299353366299,0.19424743892829,0.10242587601078167,493.0,success
digibok_2007031501007_0208,,,,143.0,D:\data\HCNC\norway\biographies\storage\Dolphin\markdown\digibok_2007031501007_0208.md,D:\data\HCNC\norway\biographies\storage\MonkeyOCR\digibok_2007031501007\digibok_2007031501007_0208.md,digibok_2007031501007_0208.md,digibok_2007031501007_0208.md,3021.0,3148.0,127.0,0.7511752309936781,0.464746772591857,0.8469827586206896,1404.0,success
digibok_2007031501007_0209,"{'count': 0, 'names': []}","{'count': 1, 'names': ['HESTAD, Håkon']}",1.0,144.0,D:\data\HCNC\norway\biographies\storage\Dolphin\markdown\digibok_2007031501007_0209.md,D:\data\HCNC\norway\biographies\storage\MonkeyOCR\digibok_2007031501007\digibok_2007031501007_0209.md,digibok_2007031501007_0209.md,digibok_2007031501007_0209.md,2422.0,2594.0,172.0,0.879585326953748,0.21056977704376548,0.1487603305785124,510.0,success
digibok_2007031501007_0210,"{'count': 0, 'names': []}","{'count': 4, 'names': ['HILLE, Bjarne', 'HJARTØY, John', 'HJARTÅKER, Torbjørn', 'HJELDE, Gerd']}",4.0,,,,,,,,,,,,,
digibok_2007031501007_0211,,,,145.0,D:\data\HCNC\norway\biographies\storage\Dolphin\markdown\digibok_2007031501007_0211.md,D:\data\HCNC\norway\biographies\storage\MonkeyOCR\digibok_2007031501007\digibok_2007031501007_0211.md,digibok_2007031501007_0211.md,digibok_2007031501007_0211.md,2719.0,2848.0,129.0,0.8967127716903179,0.19345347554247885,0.1375,526.0,success
digibok_2007031501007_0212,,,,146.0,D:\data\HCNC\norway\biographies\storage\Dolphin\markdown\digibok_2007031501007_0212.md,D:\data\HCNC\norway\biographies\storage\MonkeyOCR\digibok_2007031501007\digibok_2007031501007_0212.md,digibok_2007031501007_0212.md,digibok_2007031501007_0212.md,2723.0,2865.0,142.0,0.9448818897637795,0.09034153507161219,0.19612590799031476,246.0,success
digibok_2007031501007_0213,,,,147.0,D:\data\HCNC\norway\biographies\storage\Dolphin\markdown\digibok_2007031501007_0213.md,D:\data\HCNC\norway\biographies\storage\MonkeyOCR\digibok_2007031501007\digibok_2007031501007_0213.md,digibok_2007031501007_0213.md,digibok_2007031501007_0213.md,2590.0,2771.0,181.0,0.932288752098489,0.1166023166023166,0.08857808857808858,302.0,success
digibok_2007031501007_0214,,,,148.0,D:\data\HCNC\norway\biographies\storage\Dolphin\markdown\digibok_2007031501007_0214.md,D:\data\HCNC\norway\biographies\storage\MonkeyOCR\digibok_2007031501007\digibok_2007031501007_0214.md,digibok_2007031501007_0214.md,digibok_2007031501007_0214.md,2591.0,2774.0,183.0,0.870829450139795,0.25009648784253186,0.0982367758186398,648.0,success
digibok_2007031501007_0215,,,,149.0,D:\data\HCNC\norway\biographies\storage\Dolphin\markdown\digibok_2007031501007_0215.md,D:\data\HCNC\norway\biographies\storage\MonkeyOCR\digibok_2007031501007\digibok_2007031501007_0215.md,digibok_2007031501007_0215.md,digibok_2007031501007_0215.md,2415.0,2598.0,183.0,0.9319768601635747,0.12049689440993788,0.1346704871060172,291.0,success
digibok_2007031501007_0216,,,,150.0,D:\data\HCNC\norway\biographies\storage\Dolphin\markdown\digibok_2007031501007_0216.md,D:\data\HCNC\norway\biographies\storage\MonkeyOCR\digibok_2007031501007\digibok_2007031501007_0216.md,digibok_2007031501007_0216.md,digibok_2007031501007_0216.md,2875.0,2954.0,79.0,0.9456167438668726,0.09947826086956522,0.16627634660421545,286.0,success
digibok_2007031501007_0217,,,,151.0,D:\data\HCNC\norway\biographies\storage\Dolphin\markdown\digibok_2007031501007_0217.md,D:\data\HCNC\norway\biographies\storage\MonkeyOCR\digibok_2007031501007\digibok_2007031501007_0217.md,digibok_2007031501007_0217.md,digibok_2007031501007_0217.md,2946.0,3066.0,120.0,0.9514304723885563,0.0814663951120163,0.07079646017699115,240.0,success
digibok_2007031501007_0218,,,,152.0,D:\data\HCNC\norway\biographies\storage\Dolphin\markdown\digibok_2007031501007_0218.md,D:\data\HCNC\norway\biographies\storage\MonkeyOCR\digibok_2007031501007\digibok_2007031501007_0218.md,digibok_2007031501007_0218.md,digibok_2007031501007_0218.md,2262.0,2608.0,346.0,0.9026694045174538,0.1927497789566755,0.15142857142857144,436.0,success
digibok_2007031501007_0219,"{'count': 1, 'names': ['ROLTE, Torair']}","{'count': 1, 'names': ['HOLTE, Toralf']}",2.0,153.0,D:\data\HCNC\norway\biographies\storage\Dolphin\markdown\digibok_2007031501007_0219.md,D:\data\HCNC\norway\biographies\storage\MonkeyOCR\digibok_2007031501007\digibok_2007031501007_0219.md,digibok_2007031501007_0219.md,digibok_2007031501007_0219.md,2657.0,2779.0,122.0,0.891832229580574,0.18253669552126459,0.10268948655256724,485.0,success
digibok_2007031501007_0220,"{'count': 0, 'names': []}","{'count': 1, 'names': ['HONNINGDAL, Øystein']}",1.0,154.0,D:\data\HCNC\norway\biographies\storage\Dolphin\markdown\digibok_2007031501007_0220.md,D:\data\HCNC\norway\biographies\storage\MonkeyOCR\digibok_2007031501007\digibok_2007031501007_0220.md,digibok_2007031501007_0220.md,digibok_2007031501007_0220.md,2864.0,2999.0,135.0,0.951048951048951,0.07891061452513966,0.0794392523364486,226.0,success
digibok_2007031501007_0221,,,,155.0,D:\data\HCNC\norway\biographies\storage\Dolphin\markdown\digibok_2007031501007_0221.md,D:\data\HCNC\norway\biographies\storage\MonkeyOCR\digibok_2007031501007\digibok_2007031501007_0221.md,digibok_2007031501007_0221.md,digibok_2007031501007_0221.md,2245.0,2496.0,251.0,0.8302045981860366,0.289532293986637,0.13753581661891118,650.0,success
digibok_2007031501007_0222,"{'count': 0, 'names': []}","{'count': 1, 'names': ['HOVDAN, Kåre Eidslid']}",1.0,156.0,D:\data\HCNC\norway\biographies\storage\Dolphin\markdown\digibok_2007031501007_0222.md,D:\data\HCNC\norway\biographies\storage\MonkeyOCR\digibok_2007031501007\digibok_2007031501007_0222.md,digibok_2007031501007_0222.md,digibok_2007031501007_0222.md,2750.0,2888.0,138.0,0.937921248669741,0.09818181818181818,0.11358574610244988,270.0,success
digibok_2007031501007_0223,,,,157.0,D:\data\HCNC\norway\biographies\storage\Dolphin\markdown\digibok_2007031501007_0223.md,D:\data\HCNC\norway\biographies\storage\MonkeyOCR\digibok_2007031501007\digibok_2007031501007_0223.md,digibok_2007031501007_0223.md,digibok_2007031501007_0223.md,2493.0,2721.0,228.0,0.906789413118527,0.15403128760529483,0.12876712328767123,384.0,success
digibok_2007031501007_0224,,,,158.0,D:\data\HCNC\norway\biographies\storage\Dolphin\markdown\digibok_2007031501007_0224.md,D:\data\HCNC\norway\biographies\storage\MonkeyOCR\digibok_2007031501007\digibok_2007031501007_0224.md,digibok_2007031501007_0224.md,digibok_2007031501007_0224.md,2879.0,2999.0,120.0,0.882613133718952,0.21708926710663426,0.21144278606965175,625.0,success
digibok_2007031501007_0225,,,,159.0,D:\data\HCNC\norway\biographies\storage\Dolphin\markdown\digibok_2007031501007_0225.md,D:\data\HCNC\norway\biographies\storage\MonkeyOCR\digibok_2007031501007\digibok_2007031501007_0225.md,digibok_2007031501007_0225.md,digibok_2007031501007_0225.md,2173.0,2400.0,227.0,0.8733872731248633,0.23147722043258168,0.14634146341463414,503.0,success
digibok_2007031501007_0226,"{'count': 1, 'names': ['HøST, Iens Ludwig']}","{'count': 1, 'names': ['HØST, Iens Ludvig']}",2.0,160.0,D:\data\HCNC\norway\biographies\storage\Dolphin\markdown\digibok_2007031501007_0226.md,D:\data\HCNC\norway\biographies\storage\MonkeyOCR\digibok_2007031501007\digibok_2007031501007_0226.md,digibok_2007031501007_0226.md,digibok_2007031501007_0226.md,2187.0,2590.0,403.0,0.8436257065103622,0.2780064014631916,0.23300970873786409,608.0,success
digibok_2007031501007_0227,"{'count': 0, 'names': []}","{'count': 1, 'names': ['HØY, Elsa Gerd Rude']}",1.0,161.0,D:\data\HCNC\norway\biographies\storage\Dolphin\markdown\digibok_2007031501007_0227.md,D:\data\HCNC\norway\biographies\storage\MonkeyOCR\digibok_2007031501007\digibok_2007031501007_0227.md,digibok_2007031501007_0227.md,digibok_2007031501007_0227.md,2895.0,3021.0,126.0,0.9296822177146721,0.1081174438687392,0.11963882618510158,313.0,success
digibok_2007031501007_0228,,,,162.0,D:\data\HCNC\norway\biographies\storage\Dolphin\markdown\digibok_2007031501007_0228.md,D:\data\HCNC\norway\biographies\storage\MonkeyOCR\digibok_2007031501007\digibok_2007031501007_0228.md,digibok_2007031501007_0228.md,digibok_2007031501007_0228.md,2781.0,2958.0,177.0,0.9057327060463496,0.14275440489032723,0.13526570048309178,397.0,success
digibok_2007031501007_0229,,,,163.0,D:\data\HCNC\norway\biographies\storage\Dolphin\markdown\digibok_2007031501007_0229.md,D:\data\HCNC\norway\biographies\storage\MonkeyOCR\digibok_2007031501007\digibok_2007031501007_0229.md,digibok_2007031501007_0229.md,digibok_2007031501007_0229.md,2636.0,2754.0,118.0,0.8938775510204081,0.19195751138088013,0.11253196930946291,506.0,success
digibok_2007031501007_0230,,,,164.0,D:\data\HCNC\norway\biographies\storage\Dolphin\markdown\digibok_2007031501007_0230.md,D:\data\HCNC\norway\biographies\storage\MonkeyOCR\digibok_2007031501007\digibok_2007031501007_0230.md,digibok_2007031501007_0230.md,digibok_2007031501007_0230.md,3021.0,3142.0,121.0,0.9547298393639462,0.07547169811320754,0.10444444444444445,228.0,success
digibok_2007031501007_0231,,,,165.0,D:\data\HCNC\norway\biographies\storage\Dolphin\markdown\digibok_2007031501007_0231.md,D:\data\HCNC\norway\biographies\storage\MonkeyOCR\digibok_2007031501007\digibok_2007031501007_0231.md,digibok_2007031501007_0231.md,digibok_2007031501007_0231.md,2364.0,2797.0,433.0,0.8746366983142801,0.23815566835871405,0.24495677233429394,563.0,success
digibok_2007031501007_0232,,,,166.0,D:\data\HCNC\norway\biographies\storage\Dolphin\markdown\digibok_2007031501007_0232.md,D:\data\HCNC\norway\biographies\storage\MonkeyOCR\digibok_2007031501007\digibok_2007031501007_0232.md,digibok_2007031501007_0232.md,digibok_2007031501007_0232.md,2124.0,2537.0,413.0,0.8714868054065651,0.2537664783427495,0.3426791277258567,539.0,success
digibok_2007031501007_0233,,,,167.0,D:\data\HCNC\norway\biographies\storage\Dolphin\markdown\digibok_2007031501007_0233.md,D:\data\HCNC\norway\biographies\storage\MonkeyOCR\digibok_2007031501007\digibok_2007031501007_0233.md,digibok_2007031501007_0233.md,digibok_2007031501007_0233.md,3306.0,3379.0,73.0,0.9738219895287958,0.04295220810647308,0.11482254697286012,142.0,success
digibok_2007031501007_0234,,,,168.0,D:\data\HCNC\norway\biographies\storage\Dolphin\markdown\digibok_2007031501007_0234.md,D:\data\HCNC\norway\biographies\storage\MonkeyOCR\digibok_2007031501007\digibok_2007031501007_0234.md,digibok_2007031501007_0234.md,digibok_2007031501007_0234.md,2460.0,2752.0,292.0,0.906369915579432,0.17357723577235773,0.16304347826086957,427.0,success
digibok_2007031501007_0235,,,,169.0,D:\data\HCNC\norway\biographies\storage\Dolphin\markdown\digibok_2007031501007_0235.md,D:\data\HCNC\norway\biographies\storage\MonkeyOCR\digibok_2007031501007\digibok_2007031501007_0235.md,digibok_2007031501007_0235.md,digibok_2007031501007_0235.md,2690.0,2807.0,117.0,0.6509004911770057,0.6717472118959108,0.4401041666666667,1807.0,success
digibok_2007031501007_0236,,,,170.0,D:\data\HCNC\norway\biographies\storage\Dolphin\markdown\digibok_2007031501007_0236.md,D:\data\HCNC\norway\biographies\storage\MonkeyOCR\digibok_2007031501007\digibok_2007031501007_0236.md,digibok_2007031501007_0236.md,digibok_2007031501007_0236.md,2685.0,2815.0,130.0,0.8909090909090909,0.18435754189944134,0.16321243523316062,495.0,success
digibok_2007031501007_0237,,,,171.0,D:\data\HCNC\norway\biographies\storage\Dolphin\markdown\digibok_2007031501007_0237.md,D:\data\HCNC\norway\biographies\storage\MonkeyOCR\digibok_2007031501007\digibok_2007031501007_0237.md,digibok_2007031501007_0237.md,digibok_2007031501007_0237.md,2681.0,2802.0,121.0,0.32536932336312235,1.3371876165609846,0.3733681462140992,3585.0,success
digibok_2007031501007_0238,,,,172.0,D:\data\HCNC\norway\biographies\storage\Dolphin\markdown\digibok_2007031501007_0238.md,D:\data\HCNC\norway\biographies\storage\MonkeyOCR\digibok_2007031501007\digibok_2007031501007_0238.md,digibok_2007031501007_0238.md,digibok_2007031501007_0238.md,2903.0,2954.0,51.0,0.9578282397131638,0.061315880124009646,0.15848214285714285,178.0,success
digibok_2007031501007_0239,,,,173.0,D:\data\HCNC\norway\biographies\storage\Dolphin\markdown\digibok_2007031501007_0239.md,D:\data\HCNC\norway\biographies\storage\MonkeyOCR\digibok_2007031501007\digibok_2007031501007_0239.md,digibok_2007031501007_0239.md,digibok_2007031501007_0239.md,2748.0,2882.0,134.0,0.9296625222024867,0.10807860262008734,0.14390243902439023,297.0,success
digibok_2007031501007_0240,"{'count': 0, 'names': []}","{'count': 1, 'names': ['JOHANNESSEN, Nicolai Ambrosius Maroni']}",1.0,174.0,D:\data\HCNC\norway\biographies\storage\Dolphin\markdown\digibok_2007031501007_0240.md,D:\data\HCNC\norway\biographies\storage\MonkeyOCR\digibok_2007031501007\digibok_2007031501007_0240.md,digibok_2007031501007_0240.md,digibok_2007031501007_0240.md,2193.0,2546.0,353.0,0.33846803123021735,1.3347013223894209,0.8143322475570033,2927.0,success
digibok_2007031501007_0241,,,,175.0,D:\data\HCNC\norway\biographies\storage\Dolphin\markdown\digibok_2007031501007_0241.md,D:\data\HCNC\norway\biographies\storage\MonkeyOCR\digibok_2007031501007\digibok_2007031501007_0241.md,digibok_2007031501007_0241.md,digibok_2007031501007_0241.md,2504.0,2781.0,277.0,0.9093661305581835,0.16972843450479233,0.1897018970189702,425.0,success
digibok_2007031501007_0242,,,,176.0,D:\data\HCNC\norway\biographies\storage\Dolphin\markdown\digibok_2007031501007_0242.md,D:\data\HCNC\norway\biographies\storage\MonkeyOCR\digibok_2007031501007\digibok_2007031501007_0242.md,digibok_2007031501007_0242.md,digibok_2007031501007_0242.md,2701.0,2872.0,171.0,0.844069621388839,0.30692336171788226,0.10256410256410256,829.0,success
digibok_2007031501007_0243,,,,177.0,D:\data\HCNC\norway\biographies\storage\Dolphin\markdown\digibok_2007031501007_0243.md,D:\data\HCNC\norway\biographies\storage\MonkeyOCR\digibok_2007031501007\digibok_2007031501007_0243.md,digibok_2007031501007_0243.md,digibok_2007031501007_0243.md,2364.0,2586.0,222.0,0.5115151515151515,0.9733502538071066,0.31329113924050633,2301.0,success
digibok_2007031501007_0244,,,,178.0,D:\data\HCNC\norway\biographies\storage\Dolphin\markdown\digibok_2007031501007_0244.md,D:\data\HCNC\norway\biographies\storage\MonkeyOCR\digibok_2007031501007\digibok_2007031501007_0244.md,digibok_2007031501007_0244.md,digibok_2007031501007_0244.md,3427.0,3417.0,10.0,0.9772063120981882,0.028012839217974907,0.09523809523809523,96.0,success
digibok_2007031501007_0245,"{'count': 1, 'names': ['J AEGER, Rolf']}","{'count': 1, 'names': ['JÆGER, Rolf']}",2.0,179.0,D:\data\HCNC\norway\biographies\storage\Dolphin\markdown\digibok_2007031501007_0245.md,D:\data\HCNC\norway\biographies\storage\MonkeyOCR\digibok_2007031501007\digibok_2007031501007_0245.md,digibok_2007031501007_0245.md,digibok_2007031501007_0245.md,2410.0,2588.0,178.0,0.9263705482192878,0.12448132780082988,0.08244680851063829,300.0,success
digibok_2007031501007_0246,"{'count': 0, 'names': []}","{'count': 1, 'names': ['JØRGENSEN, Reidun Lagerta Holter']}",1.0,180.0,D:\data\HCNC\norway\biographies\storage\Dolphin\markdown\digibok_2007031501007_0246.md,D:\data\HCNC\norway\biographies\storage\MonkeyOCR\digibok_2007031501007\digibok_2007031501007_0246.md,digibok_2007031501007_0246.md,digibok_2007031501007_0246.md,2830.0,2971.0,141.0,0.9529391484226858,0.08692579505300353,0.09953703703703703,246.0,success
digibok_2007031501007_0247,,,,181.0,D:\data\HCNC\norway\biographies\storage\Dolphin\markdown\digibok_2007031501007_0247.md,D:\data\HCNC\norway\biographies\storage\MonkeyOCR\digibok_2007031501007\digibok_2007031501007_0247.md,digibok_2007031501007_0247.md,digibok_2007031501007_0247.md,2902.0,3019.0,117.0,0.9562573889545685,0.07580978635423846,0.09927360774818401,220.0,success
digibok_2007031501007_0248,,,,182.0,D:\data\HCNC\norway\biographies\storage\Dolphin\markdown\digibok_2007031501007_0248.md,D:\data\HCNC\norway\biographies\storage\MonkeyOCR\digibok_2007031501007\digibok_2007031501007_0248.md,digibok_2007031501007_0248.md,digibok_2007031501007_0248.md,2535.0,2730.0,195.0,0.8995251661918329,0.1814595660749507,0.09042553191489362,460.0,success
digibok_2007031501007_0249,,,,183.0,D:\data\HCNC\norway\biographies\storage\Dolphin\markdown\digibok_2007031501007_0249.md,D:\data\HCNC\norway\biographies\storage\MonkeyOCR\digibok_2007031501007\digibok_2007031501007_0249.md,digibok_2007031501007_0249.md,digibok_2007031501007_0249.md,2426.0,2610.0,184.0,0.8880063542494043,0.213520197856554,0.11634349030470914,518.0,success
digibok_2007031501007_0250,,,,184.0,D:\data\HCNC\norway\biographies\storage\Dolphin\markdown\digibok_2007031501007_0250.md,D:\data\HCNC\norway\biographies\storage\MonkeyOCR\digibok_2007031501007\digibok_2007031501007_0250.md,digibok_2007031501007_0250.md,digibok_2007031501007_0250.md,2568.0,2748.0,180.0,0.9424379232505643,0.10669781931464174,0.08450704225352113,274.0,success
digibok_2007031501007_0251,,,,185.0,D:\data\HCNC\norway\biographies\storage\Dolphin\markdown\digibok_2007031501007_0251.md,D:\data\HCNC\norway\biographies\storage\MonkeyOCR\digibok_2007031501007\digibok_2007031501007_0251.md,digibok_2007031501007_0251.md,digibok_2007031501007_0251.md,2725.0,3030.0,305.0,0.6140747176368375,0.7897247706422018,0.7272727272727273,2152.0,success
digibok_2007031501007_0252,,,,186.0,D:\data\HCNC\norway\biographies\storage\Dolphin\markdown\digibok_2007031501007_0252.md,D:\data\HCNC\norway\biographies\storage\MonkeyOCR\digibok_2007031501007\digibok_2007031501007_0252.md,digibok_2007031501007_0252.md,digibok_2007031501007_0252.md,2515.0,2709.0,194.0,0.9046707503828484,0.16461232604373757,0.1585677749360614,414.0,success
digibok_2007031501007_0253,"{'count': 0, 'names': []}","{'count': 3, 'names': ['KJÆRVIK, Sigurd Olaf', 'KJØL, Johanne Sofie', 'KJØLSETH, Borghild']}",3.0,,,,,,,,,,,,,
digibok_2007031501007_0254,,,,187.0,D:\data\HCNC\norway\biographies\storage\Dolphin\markdown\digibok_2007031501007_0254.md,D:\data\HCNC\norway\biographies\storage\MonkeyOCR\digibok_2007031501007\digibok_2007031501007_0254.md,digibok_2007031501007_0254.md,digibok_2007031501007_0254.md,1938.0,2349.0,411.0,0.8682062048052251,0.2672858617131063,0.1708185053380783,518.0,success
digibok_2007031501007_0255,,,,188.0,D:\data\HCNC\norway\biographies\storage\Dolphin\markdown\digibok_2007031501007_0255.md,D:\data\HCNC\norway\biographies\storage\MonkeyOCR\digibok_2007031501007\digibok_2007031501007_0255.md,digibok_2007031501007_0255.md,digibok_2007031501007_0255.md,3280.0,3403.0,123.0,0.9088732605117462,0.15091463414634146,0.12375249500998003,495.0,success
digibok_2007031501007_0256,,,,189.0,D:\data\HCNC\norway\biographies\storage\Dolphin\markdown\digibok_2007031501007_0256.md,D:\data\HCNC\norway\biographies\storage\MonkeyOCR\digibok_2007031501007\digibok_2007031501007_0256.md,digibok_2007031501007_0256.md,digibok_2007031501007_0256.md,2775.0,2936.0,161.0,0.9189283838206969,0.13513513513513514,0.19331742243436753,375.0,success
digibok_2007031501007_0257,,,,190.0,D:\data\HCNC\norway\biographies\storage\Dolphin\markdown\digibok_2007031501007_0257.md,D:\data\HCNC\norway\biographies\storage\MonkeyOCR\digibok_2007031501007\digibok_2007031501007_0257.md,digibok_2007031501007_0257.md,digibok_2007031501007_0257.md,2137.0,2596.0,459.0,0.8413268540038031,0.2980814225549836,0.23893805309734514,637.0,success
digibok_2007031501007_0258,,,,191.0,D:\data\HCNC\norway\biographies\storage\Dolphin\markdown\digibok_2007031501007_0258.md,D:\data\HCNC\norway\biographies\storage\MonkeyOCR\digibok_2007031501007\digibok_2007031501007_0258.md,digibok_2007031501007_0258.md,digibok_2007031501007_0258.md,2865.0,2985.0,120.0,0.9292307692307692,0.11273996509598604,0.15681818181818183,323.0,success
digibok_2007031501007_0259,,,,192.0,D:\data\HCNC\norway\biographies\storage\Dolphin\markdown\digibok_2007031501007_0259.md,D:\data\HCNC\norway\biographies\storage\MonkeyOCR\digibok_2007031501007\digibok_2007031501007_0259.md,digibok_2007031501007_0259.md,digibok_2007031501007_0259.md,2653.0,2784.0,131.0,0.9479492367114217,0.0889558989822842,0.14871794871794872,236.0,success
digibok_2007031501007_0260,,,,193.0,D:\data\HCNC\norway\biographies\storage\Dolphin\markdown\digibok_2007031501007_0260.md,D:\data\HCNC\norway\biographies\storage\MonkeyOCR\digibok_2007031501007\digibok_2007031501007_0260.md,digibok_2007031501007_0260.md,digibok_2007031501007_0260.md,2754.0,2883.0,129.0,0.9072201525634203,0.17610748002904866,0.12244897959183673,485.0,success
digibok_2007031501007_0261,,,,194.0,D:\data\HCNC\norway\biographies\storage\Dolphin\markdown\digibok_2007031501007_0261.md,D:\data\HCNC\norway\biographies\storage\MonkeyOCR\digibok_2007031501007\digibok_2007031501007_0261.md,digibok_2007031501007_0261.md,digibok_2007031501007_0261.md,3055.0,3150.0,95.0,0.7526188557614827,0.4346972176759411,0.28297872340425534,1328.0,success
digibok_2007031501007_0262,,,,195.0,D:\data\HCNC\norway\biographies\storage\Dolphin\markdown\digibok_2007031501007_0262.md,D:\data\HCNC\norway\biographies\storage\MonkeyOCR\digibok_2007031501007\digibok_2007031501007_0262.md,digibok_2007031501007_0262.md,digibok_2007031501007_0262.md,2667.0,2808.0,141.0,0.9267579908675799,0.13685789276340457,0.11253196930946291,365.0,success
digibok_2007031501007_0263,,,,196.0,D:\data\HCNC\norway\biographies\storage\Dolphin\markdown\digibok_2007031501007_0263.md,D:\data\HCNC\norway\biographies\storage\MonkeyOCR\digibok_2007031501007\digibok_2007031501007_0263.md,digibok_2007031501007_0263.md,digibok_2007031501007_0263.md,2808.0,2929.0,121.0,0.939864040439254,0.09401709401709402,0.12557077625570776,264.0,success
digibok_2007031501007_0264,,,,197.0,D:\data\HCNC\norway\biographies\storage\Dolphin\markdown\digibok_2007031501007_0264.md,D:\data\HCNC\norway\biographies\storage\MonkeyOCR\digibok_2007031501007\digibok_2007031501007_0264.md,digibok_2007031501007_0264.md,digibok_2007031501007_0264.md,2436.0,2639.0,203.0,0.9028571428571428,0.1748768472906404,0.1527777777777778,426.0,success
digibok_2007031501007_0265,,,,198.0,D:\data\HCNC\norway\biographies\storage\Dolphin\markdown\digibok_2007031501007_0265.md,D:\data\HCNC\norway\biographies\storage\MonkeyOCR\digibok_2007031501007\digibok_2007031501007_0265.md,digibok_2007031501007_0265.md,digibok_2007031501007_0265.md,2891.0,3015.0,124.0,0.9234676600067728,0.12071947423037012,0.09070294784580499,349.0,success
digibok_2007031501007_0266,,,,199.0,D:\data\HCNC\norway\biographies\storage\Dolphin\markdown\digibok_2007031501007_0266.md,D:\data\HCNC\norway\biographies\storage\MonkeyOCR\digibok_2007031501007\digibok_2007031501007_0266.md,digibok_2007031501007_0266.md,digibok_2007031501007_0266.md,2143.0,2606.0,463.0,0.8544956833017477,0.2841810545963602,0.26586102719033233,609.0,success
digibok_2007031501007_0267,,,,200.0,D:\data\HCNC\norway\biographies\storage\Dolphin\markdown\digibok_2007031501007_0267.md,D:\data\HCNC\norway\biographies\storage\MonkeyOCR\digibok_2007031501007\digibok_2007031501007_0267.md,digibok_2007031501007_0267.md,digibok_2007031501007_0267.md,2671.0,2788.0,117.0,0.9426634914819564,0.09397229502059154,0.12239583333333333,251.0,success
digibok_2007031501007_0268,,,,201.0,D:\data\HCNC\norway\biographies\storage\Dolphin\markdown\digibok_2007031501007_0268.md,D:\data\HCNC\norway\biographies\storage\MonkeyOCR\digibok_2007031501007\digibok_2007031501007_0268.md,digibok_2007031501007_0268.md,digibok_2007031501007_0268.md,2100.0,2353.0,253.0,0.8641365371659555,0.2619047619047619,0.16333333333333333,550.0,success
digibok_2007031501007_0269,,,,202.0,D:\data\HCNC\norway\biographies\storage\Dolphin\markdown\digibok_2007031501007_0269.md,D:\data\HCNC\norway\biographies\storage\MonkeyOCR\digibok_2007031501007\digibok_2007031501007_0269.md,digibok_2007031501007_0269.md,digibok_2007031501007_0269.md,2926.0,3047.0,121.0,0.958312405826218,0.0748462064251538,0.0831353919239905,219.0,success
digibok_2007031501007_0270,,,,203.0,D:\data\HCNC\norway\biographies\storage\Dolphin\markdown\digibok_2007031501007_0270.md,D:\data\HCNC\norway\biographies\storage\MonkeyOCR\digibok_2007031501007\digibok_2007031501007_0270.md,digibok_2007031501007_0270.md,digibok_2007031501007_0270.md,2424.0,2644.0,220.0,0.8977900552486188,0.17037953795379537,0.19373219373219372,413.0,success
digibok_2007031501007_0271,,,,204.0,D:\data\HCNC\norway\biographies\storage\Dolphin\markdown\digibok_2007031501007_0271.md,D:\data\HCNC\norway\biographies\storage\MonkeyOCR\digibok_2007031501007\digibok_2007031501007_0271.md,digibok_2007031501007_0271.md,digibok_2007031501007_0271.md,2274.0,2457.0,183.0,0.6878038469668146,0.6165347405452947,0.7296511627906976,1402.0,success
digibok_2007031501007_0272,,,,205.0,D:\data\HCNC\norway\biographies\storage\Dolphin\markdown\digibok_2007031501007_0272.md,D:\data\HCNC\norway\biographies\storage\MonkeyOCR\digibok_2007031501007\digibok_2007031501007_0272.md,digibok_2007031501007_0272.md,digibok_2007031501007_0272.md,2857.0,3005.0,148.0,0.9433640395769362,0.09450472523626181,0.12949640287769784,270.0,success
digibok_2007031501007_0273,,,,206.0,D:\data\HCNC\norway\biographies\storage\Dolphin\markdown\digibok_2007031501007_0273.md,D:\data\HCNC\norway\biographies\storage\MonkeyOCR\digibok_2007031501007\digibok_2007031501007_0273.md,digibok_2007031501007_0273.md,digibok_2007031501007_0273.md,3037.0,3161.0,124.0,0.7512100677637947,0.47349357918999013,0.1425531914893617,1438.0,success
digibok_2007031501007_0274,,,,207.0,D:\data\HCNC\norway\biographies\storage\Dolphin\markdown\digibok_2007031501007_0274.md,D:\data\HCNC\norway\biographies\storage\MonkeyOCR\digibok_2007031501007\digibok_2007031501007_0274.md,digibok_2007031501007_0274.md,digibok_2007031501007_0274.md,2494.0,2680.0,186.0,0.7854657904909161,0.42662389735364875,0.43360433604336046,1064.0,success
digibok_2007031501007_0275,,,,208.0,D:\data\HCNC\norway\biographies\storage\Dolphin\markdown\digibok_2007031501007_0275.md,D:\data\HCNC\norway\biographies\storage\MonkeyOCR\digibok_2007031501007\digibok_2007031501007_0275.md,digibok_2007031501007_0275.md,digibok_2007031501007_0275.md,2373.0,2626.0,253.0,0.7141428285657131,0.5444584913611462,0.8603988603988604,1292.0,success
digibok_2007031501007_0276,,,,209.0,D:\data\HCNC\norway\biographies\storage\Dolphin\markdown\digibok_2007031501007_0276.md,D:\data\HCNC\norway\biographies\storage\MonkeyOCR\digibok_2007031501007\digibok_2007031501007_0276.md,digibok_2007031501007_0276.md,digibok_2007031501007_0276.md,2725.0,2909.0,184.0,0.8651047213347532,0.24330275229357798,0.10962566844919786,663.0,success
digibok_2007031501007_0277,,,,210.0,D:\data\HCNC\norway\biographies\storage\Dolphin\markdown\digibok_2007031501007_0277.md,D:\data\HCNC\norway\biographies\storage\MonkeyOCR\digibok_2007031501007\digibok_2007031501007_0277.md,digibok_2007031501007_0277.md,digibok_2007031501007_0277.md,3225.0,3286.0,61.0,0.9460912302257718,0.07813953488372093,0.125,252.0,success
digibok_2007031501007_0278,,,,211.0,D:\data\HCNC\norway\biographies\storage\Dolphin\markdown\digibok_2007031501007_0278.md,D:\data\HCNC\norway\biographies\storage\MonkeyOCR\digibok_2007031501007\digibok_2007031501007_0278.md,digibok_2007031501007_0278.md,digibok_2007031501007_0278.md,2050.0,2302.0,252.0,0.8943014705882353,0.1897560975609756,0.1453900709219858,389.0,success
digibok_2007031501007_0279,,,,212.0,D:\data\HCNC\norway\biographies\storage\Dolphin\markdown\digibok_2007031501007_0279.md,D:\data\HCNC\norway\biographies\storage\MonkeyOCR\digibok_2007031501007\digibok_2007031501007_0279.md,digibok_2007031501007_0279.md,digibok_2007031501007_0279.md,1815.0,2259.0,444.0,0.7751595483554247,0.4512396694214876,0.26996197718631176,819.0,success
digibok_2007031501007_0280,,,,213.0,D:\data\HCNC\norway\biographies\storage\Dolphin\markdown\digibok_2007031501007_0280.md,D:\data\HCNC\norway\biographies\storage\MonkeyOCR\digibok_2007031501007\digibok_2007031501007_0280.md,digibok_2007031501007_0280.md,digibok_2007031501007_0280.md,2435.0,2712.0,277.0,0.8276666019040217,0.32320328542094456,0.2535211267605634,787.0,success
digibok_2007031501007_0281,,,,214.0,D:\data\HCNC\norway\biographies\storage\Dolphin\markdown\digibok_2007031501007_0281.md,D:\data\HCNC\norway\biographies\storage\MonkeyOCR\digibok_2007031501007\digibok_2007031501007_0281.md,digibok_2007031501007_0281.md,digibok_2007031501007_0281.md,3210.0,3608.0,398.0,0.8967439131710179,0.18566978193146416,0.289760348583878,596.0,success
digibok_2007031501007_0282,,,,215.0,D:\data\HCNC\norway\biographies\storage\Dolphin\markdown\digibok_2007031501007_0282.md,D:\data\HCNC\norway\biographies\storage\MonkeyOCR\digibok_2007031501007\digibok_2007031501007_0282.md,digibok_2007031501007_0282.md,digibok_2007031501007_0282.md,2896.0,3033.0,137.0,0.9310170349131388,0.1018646408839779,0.13122171945701358,295.0,success
digibok_2007031501007_0283,,,,216.0,D:\data\HCNC\norway\biographies\storage\Dolphin\markdown\digibok_2007031501007_0283.md,D:\data\HCNC\norway\biographies\storage\MonkeyOCR\digibok_2007031501007\digibok_2007031501007_0283.md,digibok_2007031501007_0283.md,digibok_2007031501007_0283.md,2632.0,2861.0,229.0,0.6207900964864372,0.7762158054711246,0.2868632707774799,2043.0,success
digibok_2007031501007_0284,,,,217.0,D:\data\HCNC\norway\biographies\storage\Dolphin\markdown\digibok_2007031501007_0284.md,D:\data\HCNC\norway\biographies\storage\MonkeyOCR\digibok_2007031501007\digibok_2007031501007_0284.md,digibok_2007031501007_0284.md,digibok_2007031501007_0284.md,2151.0,2381.0,230.0,0.7475728155339806,0.4825662482566248,0.3942307692307692,1038.0,success
digibok_2007031501007_0285,,,,218.0,D:\data\HCNC\norway\biographies\storage\Dolphin\markdown\digibok_2007031501007_0285.md,D:\data\HCNC\norway\biographies\storage\MonkeyOCR\digibok_2007031501007\digibok_2007031501007_0285.md,digibok_2007031501007_0285.md,digibok_2007031501007_0285.md,2406.0,3020.0,614.0,0.8182823442683377,0.37531172069825436,0.30277777777777776,903.0,success
digibok_2007031501007_0286,,,,219.0,D:\data\HCNC\norway\biographies\storage\Dolphin\markdown\digibok_2007031501007_0286.md,D:\data\HCNC\norway\biographies\storage\MonkeyOCR\digibok_2007031501007\digibok_2007031501007_0286.md,digibok_2007031501007_0286.md,digibok_2007031501007_0286.md,2875.0,2979.0,104.0,0.9333788862316365,0.10086956521739131,0.21875,290.0,success
digibok_2007031501007_0287,,,,220.0,D:\data\HCNC\norway\biographies\storage\Dolphin\markdown\digibok_2007031501007_0287.md,D:\data\HCNC\norway\biographies\storage\MonkeyOCR\digibok_2007031501007\digibok_2007031501007_0287.md,digibok_2007031501007_0287.md,digibok_2007031501007_0287.md,2523.0,2711.0,188.0,0.9102025219717234,0.16884661117717004,0.10582010582010581,426.0,success
digibok_2007031501007_0288,,,,221.0,D:\data\HCNC\norway\biographies\storage\Dolphin\markdown\digibok_2007031501007_0288.md,D:\data\HCNC\norway\biographies\storage\MonkeyOCR\digibok_2007031501007\digibok_2007031501007_0288.md,digibok_2007031501007_0288.md,digibok_2007031501007_0288.md,2467.0,2653.0,186.0,0.90390625,0.14957438184029184,0.0962566844919786,369.0,success
digibok_2007031501007_0289,,,,222.0,D:\data\HCNC\norway\biographies\storage\Dolphin\markdown\digibok_2007031501007_0289.md,D:\data\HCNC\norway\biographies\storage\MonkeyOCR\digibok_2007031501007\digibok_2007031501007_0289.md,digibok_2007031501007_0289.md,digibok_2007031501007_0289.md,2104.0,2576.0,472.0,0.6935897435897436,0.6725285171102662,0.21498371335504887,1415.0,success
digibok_2007031501007_0290,,,,223.0,D:\data\HCNC\norway\biographies\storage\Dolphin\markdown\digibok_2007031501007_0290.md,D:\data\HCNC\norway\biographies\storage\MonkeyOCR\digibok_2007031501007\digibok_2007031501007_0290.md,digibok_2007031501007_0290.md,digibok_2007031501007_0290.md,2682.0,2890.0,208.0,0.9066762383345298,0.16144668158090977,0.26329113924050634,433.0,success
digibok_2007031501007_0291,"{'count': 1, 'names': ['LOTHERINGTON, Randi']}","{'count': 0, 'names': []}",1.0,224.0,D:\data\HCNC\norway\biographies\storage\Dolphin\markdown\digibok_2007031501007_0291.md,D:\data\HCNC\norway\biographies\storage\MonkeyOCR\digibok_2007031501007\digibok_2007031501007_0291.md,digibok_2007031501007_0291.md,digibok_2007031501007_0291.md,1973.0,2221.0,248.0,0.6948020982355746,0.5985808413583376,0.49823321554770317,1181.0,success
digibok_2007031501007_0292,,,,225.0,D:\data\HCNC\norway\biographies\storage\Dolphin\markdown\digibok_2007031501007_0292.md,D:\data\HCNC\norway\biographies\storage\MonkeyOCR\digibok_2007031501007\digibok_2007031501007_0292.md,digibok_2007031501007_0292.md,digibok_2007031501007_0292.md,2702.0,2837.0,135.0,0.7319010651742192,0.5203552923760177,0.5,1406.0,success
digibok_2007031501007_0293,,,,226.0,D:\data\HCNC\norway\biographies\storage\Dolphin\markdown\digibok_2007031501007_0293.md,D:\data\HCNC\norway\biographies\storage\MonkeyOCR\digibok_2007031501007\digibok_2007031501007_0293.md,digibok_2007031501007_0293.md,digibok_2007031501007_0293.md,2504.0,2678.0,174.0,0.9313006561173293,0.12340255591054312,0.12154696132596685,309.0,success
digibok_2007031501007_0294,,,,227.0,D:\data\HCNC\norway\biographies\storage\Dolphin\markdown\digibok_2007031501007_0294.md,D:\data\HCNC\norway\biographies\storage\MonkeyOCR\digibok_2007031501007\digibok_2007031501007_0294.md,digibok_2007031501007_0294.md,digibok_2007031501007_0294.md,2659.0,2787.0,128.0,0.9316929856775615,0.10643098909364422,0.11518324607329843,283.0,success
digibok_2007031501007_0295,,,,228.0,D:\data\HCNC\norway\biographies\storage\Dolphin\markdown\digibok_2007031501007_0295.md,D:\data\HCNC\norway\biographies\storage\MonkeyOCR\digibok_2007031501007\digibok_2007031501007_0295.md,digibok_2007031501007_0295.md,digibok_2007031501007_0295.md,2511.0,2706.0,195.0,0.93233659191106,0.11827956989247312,0.1046831955922865,297.0,success
digibok_2007031501007_0296,,,,229.0,D:\data\HCNC\norway\biographies\storage\Dolphin\markdown\digibok_2007031501007_0296.md,D:\data\HCNC\norway\biographies\storage\MonkeyOCR\digibok_2007031501007\digibok_2007031501007_0296.md,digibok_2007031501007_0296.md,digibok_2007031501007_0296.md,2075.0,2325.0,250.0,0.8813636363636363,0.21012048192771085,0.18292682926829268,436.0,success
digibok_2007031501007_0297,,,,230.0,D:\data\HCNC\norway\biographies\storage\Dolphin\markdown\digibok_2007031501007_0297.md,D:\data\HCNC\norway\biographies\storage\MonkeyOCR\digibok_2007031501007\digibok_2007031501007_0297.md,digibok_2007031501007_0297.md,digibok_2007031501007_0297.md,3120.0,3239.0,119.0,0.9492058499764113,0.07756410256410257,0.17634854771784234,242.0,success
digibok_2007031501007_0298,,,,231.0,D:\data\HCNC\norway\biographies\storage\Dolphin\markdown\digibok_2007031501007_0298.md,D:\data\HCNC\norway\biographies\storage\MonkeyOCR\digibok_2007031501007\digibok_2007031501007_0298.md,digibok_2007031501007_0298.md,digibok_2007031501007_0298.md,2627.0,2812.0,185.0,0.8972237543666115,0.19451846212409593,0.12953367875647667,511.0,success
digibok_2007031501007_0299,"{'count': 1, 'names': ['L A ERUM, Johan']}","{'count': 1, 'names': ['LÆRUM, Johan']}",2.0,232.0,D:\data\HCNC\norway\biographies\storage\Dolphin\markdown\digibok_2007031501007_0299.md,D:\data\HCNC\norway\biographies\storage\MonkeyOCR\digibok_2007031501007\digibok_2007031501007_0299.md,digibok_2007031501007_0299.md,digibok_2007031501007_0299.md,2009.0,2236.0,227.0,0.864075382803298,0.2264808362369338,0.22297297297297297,455.0,success
digibok_2007031501007_0300,,,,233.0,D:\data\HCNC\norway\biographies\storage\Dolphin\markdown\digibok_2007031501007_0300.md,D:\data\HCNC\norway\biographies\storage\MonkeyOCR\digibok_2007031501007\digibok_2007031501007_0300.md,digibok_2007031501007_0300.md,digibok_2007031501007_0300.md,2735.0,2857.0,122.0,0.8072246065808297,0.3319926873857404,0.14248704663212436,908.0,success
digibok_2007031501007_0301,"{'count': 0, 'names': []}","{'count': 5, 'names': ['LØSET, Aud Marie', 'LØVIK, Sven', 'LØVLAND, Trygve Wahr', 'LØVSLAND, Gunvald Torgrim', 'LØVSTAD, Agnes']}",5.0,,,,,,,,,,,,,
digibok_2007031501007_0302,"{'count': 1, 'names': ['MACK, Anne Karin Thorlaug Klerck']}","{'count': 1, 'names': ['LÅNKAN, Per']}",2.0,234.0,D:\data\HCNC\norway\biographies\storage\Dolphin\markdown\digibok_2007031501007_0302.md,D:\data\HCNC\norway\biographies\storage\MonkeyOCR\digibok_2007031501007\digibok_2007031501007_0302.md,digibok_2007031501007_0302.md,digibok_2007031501007_0302.md,2443.0,2576.0,133.0,0.86391711496314,0.26197298403602126,0.13802816901408452,640.0,success
digibok_2007031501007_0303,,,,235.0,D:\data\HCNC\norway\biographies\storage\Dolphin\markdown\digibok_2007031501007_0303.md,D:\data\HCNC\norway\biographies\storage\MonkeyOCR\digibok_2007031501007\digibok_2007031501007_0303.md,digibok_2007031501007_0303.md,digibok_2007031501007_0303.md,3094.0,3151.0,57.0,0.9610888710968775,0.06043956043956044,0.11991434689507495,187.0,success
digibok_2007031501007_0304,,,,236.0,D:\data\HCNC\norway\biographies\storage\Dolphin\markdown\digibok_2007031501007_0304.md,D:\data\HCNC\norway\biographies\storage\MonkeyOCR\digibok_2007031501007\digibok_2007031501007_0304.md,digibok_2007031501007_0304.md,digibok_2007031501007_0304.md,2722.0,2844.0,122.0,0.9435860582105642,0.09110947832476121,0.12990196078431374,248.0,success
digibok_2007031501007_0305,,,,237.0,D:\data\HCNC\norway\biographies\storage\Dolphin\markdown\digibok_2007031501007_0305.md,D:\data\HCNC\norway\biographies\storage\MonkeyOCR\digibok_2007031501007\digibok_2007031501007_0305.md,digibok_2007031501007_0305.md,digibok_2007031501007_0305.md,2242.0,2435.0,193.0,0.900577293136626,0.18108831400535236,0.17575757575757575,406.0,success
digibok_2007031501007_0306,,,,238.0,D:\data\HCNC\norway\biographies\storage\Dolphin\markdown\digibok_2007031501007_0306.md,D:\data\HCNC\norway\biographies\storage\MonkeyOCR\digibok_2007031501007\digibok_2007031501007_0306.md,digibok_2007031501007_0306.md,digibok_2007031501007_0306.md,2428.0,2614.0,186.0,0.9178897262990877,0.14085667215815487,0.14484679665738162,342.0,success
digibok_2007031501007_0307,,,,239.0,D:\data\HCNC\norway\biographies\storage\Dolphin\markdown\digibok_2007031501007_0307.md,D:\data\HCNC\norway\biographies\storage\MonkeyOCR\digibok_2007031501007\digibok_2007031501007_0307.md,digibok_2007031501007_0307.md,digibok_2007031501007_0307.md,2808.0,2971.0,163.0,0.9299186710503548,0.1103988603988604,0.1782178217821782,310.0,success
digibok_2007031501007_0308,,,,240.0,D:\data\HCNC\norway\biographies\storage\Dolphin\markdown\digibok_2007031501007_0308.md,D:\data\HCNC\norway\biographies\storage\MonkeyOCR\digibok_2007031501007\digibok_2007031501007_0308.md,digibok_2007031501007_0308.md,digibok_2007031501007_0308.md,2966.0,3034.0,68.0,0.9486666666666667,0.07215104517869184,0.18840579710144928,214.0,success
digibok_2007031501007_0309,,,,241.0,D:\data\HCNC\norway\biographies\storage\Dolphin\markdown\digibok_2007031501007_0309.md,D:\data\HCNC\norway\biographies\storage\MonkeyOCR\digibok_2007031501007\digibok_2007031501007_0309.md,digibok_2007031501007_0309.md,digibok_2007031501007_0309.md,2559.0,2737.0,178.0,0.9161631419939577,0.13520906604142244,0.1448087431693989,346.0,success
digibok_2007031501007_0310,,,,242.0,D:\data\HCNC\norway\biographies\storage\Dolphin\markdown\digibok_2007031501007_0310.md,D:\data\HCNC\norway\biographies\storage\MonkeyOCR\digibok_2007031501007\digibok_2007031501007_0310.md,digibok_2007031501007_0310.md,digibok_2007031501007_0310.md,2350.0,2679.0,329.0,0.8816862199244383,0.21914893617021278,0.23255813953488372,515.0,success
digibok_2007031501007_0311,,,,243.0,D:\data\HCNC\norway\biographies\storage\Dolphin\markdown\digibok_2007031501007_0311.md,D:\data\HCNC\norway\biographies\storage\MonkeyOCR\digibok_2007031501007\digibok_2007031501007_0311.md,digibok_2007031501007_0311.md,digibok_2007031501007_0311.md,2388.0,2573.0,185.0,0.9316670026204394,0.12185929648241206,0.10204081632653061,291.0,success
digibok_2007031501007_0312,,,,244.0,D:\data\HCNC\norway\biographies\storage\Dolphin\markdown\digibok_2007031501007_0312.md,D:\data\HCNC\norway\biographies\storage\MonkeyOCR\digibok_2007031501007\digibok_2007031501007_0312.md,digibok_2007031501007_0312.md,digibok_2007031501007_0312.md,2927.0,3075.0,148.0,0.8673775408197267,0.23983600956610865,0.16891891891891891,702.0,success
digibok_2007031501007_0313,,,,245.0,D:\data\HCNC\norway\biographies\storage\Dolphin\markdown\digibok_2007031501007_0313.md,D:\data\HCNC\norway\biographies\storage\MonkeyOCR\digibok_2007031501007\digibok_2007031501007_0313.md,digibok_2007031501007_0313.md,digibok_2007031501007_0313.md,2891.0,3010.0,119.0,0.9391628537536011,0.1016949152542373,0.1010989010989011,294.0,success
digibok_2007031501007_0314,,,,246.0,D:\data\HCNC\norway\biographies\storage\Dolphin\markdown\digibok_2007031501007_0314.md,D:\data\HCNC\norway\biographies\storage\MonkeyOCR\digibok_2007031501007\digibok_2007031501007_0314.md,digibok_2007031501007_0314.md,digibok_2007031501007_0314.md,2453.0,2664.0,211.0,0.9130349814344343,0.14390542193232775,0.14534883720930233,353.0,success
digibok_2007031501007_0315,,,,247.0,D:\data\HCNC\norway\biographies\storage\Dolphin\markdown\digibok_2007031501007_0315.md,D:\data\HCNC\norway\biographies\storage\MonkeyOCR\digibok_2007031501007\digibok_2007031501007_0315.md,digibok_2007031501007_0315.md,digibok_2007031501007_0315.md,2871.0,2986.0,115.0,0.9578282397131638,0.07314524555903866,0.10761154855643044,210.0,success
digibok_2007031501007_0316,,,,248.0,D:\data\HCNC\norway\biographies\storage\Dolphin\markdown\digibok_2007031501007_0316.md,D:\data\HCNC\norway\biographies\storage\MonkeyOCR\digibok_2007031501007\digibok_2007031501007_0316.md,digibok_2007031501007_0316.md,digibok_2007031501007_0316.md,1917.0,2629.0,712.0,0.8117025956885173,0.42305685967657797,0.41132075471698115,811.0,success
digibok_2007031501007_0317,,,,249.0,D:\data\HCNC\norway\biographies\storage\Dolphin\markdown\digibok_2007031501007_0317.md,D:\data\HCNC\norway\biographies\storage\MonkeyOCR\digibok_2007031501007\digibok_2007031501007_0317.md,digibok_2007031501007_0317.md,digibok_2007031501007_0317.md,2497.0,2680.0,183.0,0.9148155302298628,0.15859030837004406,0.088,396.0,success
digibok_2007031501007_0318,,,,250.0,D:\data\HCNC\norway\biographies\storage\Dolphin\markdown\digibok_2007031501007_0318.md,D:\data\HCNC\norway\biographies\storage\MonkeyOCR\digibok_2007031501007\digibok_2007031501007_0318.md,digibok_2007031501007_0318.md,digibok_2007031501007_0318.md,2462.0,2654.0,192.0,0.9276778733385458,0.13160032493907392,0.12605042016806722,324.0,success
digibok_2007031501007_0319,,,,251.0,D:\data\HCNC\norway\biographies\storage\Dolphin\markdown\digibok_2007031501007_0319.md,D:\data\HCNC\norway\biographies\storage\MonkeyOCR\digibok_2007031501007\digibok_2007031501007_0319.md,digibok_2007031501007_0319.md,digibok_2007031501007_0319.md,2453.0,2649.0,196.0,0.5668365346922776,0.8931920097839381,0.14905149051490515,2191.0,success
digibok_2007031501007_0320,,,,252.0,D:\data\HCNC\norway\biographies\storage\Dolphin\markdown\digibok_2007031501007_0320.md,D:\data\HCNC\norway\biographies\storage\MonkeyOCR\digibok_2007031501007\digibok_2007031501007_0320.md,digibok_2007031501007_0320.md,digibok_2007031501007_0320.md,2376.0,2844.0,468.0,0.8716475095785441,0.24873737373737373,0.24585635359116023,591.0,success
digibok_2007031501007_0321,"{'count': 0, 'names': []}","{'count': 2, 'names': ['MYKLEBUST, Reinhard Håkon', 'MÜLLER, Jørgen Carsten']}",2.0,253.0,D:\data\HCNC\norway\biographies\storage\Dolphin\markdown\digibok_2007031501007_0321.md,D:\data\HCNC\norway\biographies\storage\MonkeyOCR\digibok_2007031501007\digibok_2007031501007_0321.md,digibok_2007031501007_0321.md,digibok_2007031501007_0321.md,3437.0,3552.0,115.0,0.9703820289025612,0.05178935117835322,0.13926499032882012,178.0,success
digibok_2007031501007_0322,,,,254.0,D:\data\HCNC\norway\biographies\storage\Dolphin\markdown\digibok_2007031501007_0322.md,D:\data\HCNC\norway\biographies\storage\MonkeyOCR\digibok_2007031501007\digibok_2007031501007_0322.md,digibok_2007031501007_0322.md,digibok_2007031501007_0322.md,2560.0,2789.0,229.0,0.88801645167321,0.181640625,0.1509433962264151,465.0,success
digibok_2007031501007_0323,"{'count': 0, 'names': []}","{'count': 4, 'names': ['MØISTAD, Erik Ola', 'MØLLER, Carl Eger', 'MØLLER, Kirsten Dagny', 'MØRCH, Evelyn Margrethe Christine Tønder']}",4.0,,,,,,,,,,,,,
digibok_2007031501007_0324,,,,255.0,D:\data\HCNC\norway\biographies\storage\Dolphin\markdown\digibok_2007031501007_0324.md,D:\data\HCNC\norway\biographies\storage\MonkeyOCR\digibok_2007031501007\digibok_2007031501007_0324.md,digibok_2007031501007_0324.md,digibok_2007031501007_0324.md,2100.0,2343.0,243.0,0.7801035336484358,0.40714285714285714,0.34534534534534533,855.0,success
digibok_2007031501007_0325,,,,256.0,D:\data\HCNC\norway\biographies\storage\Dolphin\markdown\digibok_2007031501007_0325.md,D:\data\HCNC\norway\biographies\storage\MonkeyOCR\digibok_2007031501007\digibok_2007031501007_0325.md,digibok_2007031501007_0325.md,digibok_2007031501007_0325.md,2587.0,2775.0,188.0,0.9350988437150317,0.11209895632006185,0.16040100250626566,290.0,success
digibok_2007031501007_0326,,,,257.0,D:\data\HCNC\norway\biographies\storage\Dolphin\markdown\digibok_2007031501007_0326.md,D:\data\HCNC\norway\biographies\storage\MonkeyOCR\digibok_2007031501007\digibok_2007031501007_0326.md,digibok_2007031501007_0326.md,digibok_2007031501007_0326.md,2655.0,2822.0,167.0,0.9450429067007485,0.09566854990583804,0.11924119241192412,254.0,success
digibok_2007031501007_0327,,,,258.0,D:\data\HCNC\norway\biographies\storage\Dolphin\markdown\digibok_2007031501007_0327.md,D:\data\HCNC\norway\biographies\storage\MonkeyOCR\digibok_2007031501007\digibok_2007031501007_0327.md,digibok_2007031501007_0327.md,digibok_2007031501007_0327.md,2275.0,2528.0,253.0,0.8636268998542578,0.23824175824175825,0.20630372492836677,542.0,success
digibok_2007031501007_0328,,,,259.0,D:\data\HCNC\norway\biographies\storage\Dolphin\markdown\digibok_2007031501007_0328.md,D:\data\HCNC\norway\biographies\storage\MonkeyOCR\digibok_2007031501007\digibok_2007031501007_0328.md,digibok_2007031501007_0328.md,digibok_2007031501007_0328.md,2511.0,2561.0,50.0,0.9242902208201893,0.09956192751891677,0.19618528610354224,250.0,success
digibok_2007031501007_0329,,,,260.0,D:\data\HCNC\norway\biographies\storage\Dolphin\markdown\digibok_2007031501007_0329.md,D:\data\HCNC\norway\biographies\storage\MonkeyOCR\digibok_2007031501007\digibok_2007031501007_0329.md,digibok_2007031501007_0329.md,digibok_2007031501007_0329.md,2494.0,2607.0,113.0,0.7590668496373261,0.4542902967121091,0.49740932642487046,1133.0,success
digibok_2007031501007_0330,,,,261.0,D:\data\HCNC\norway\biographies\storage\Dolphin\markdown\digibok_2007031501007_0330.md,D:\data\HCNC\norway\biographies\storage\MonkeyOCR\digibok_2007031501007\digibok_2007031501007_0330.md,digibok_2007031501007_0330.md,digibok_2007031501007_0330.md,2762.0,2887.0,125.0,0.7466808284652151,0.47936278059377263,0.5124378109452736,1324.0,success
digibok_2007031501007_0331,"{'count': 0, 'names': []}","{'count': 1, 'names': ['NORDTORP, Sverre Brønstad']}",1.0,262.0,D:\data\HCNC\norway\biographies\storage\Dolphin\markdown\digibok_2007031501007_0331.md,D:\data\HCNC\norway\biographies\storage\MonkeyOCR\digibok_2007031501007\digibok_2007031501007_0331.md,digibok_2007031501007_0331.md,digibok_2007031501007_0331.md,2306.0,2483.0,177.0,0.9237836709125078,0.13356461405030357,0.13702623906705538,308.0,success
digibok_2007031501007_0332,,,,263.0,D:\data\HCNC\norway\biographies\storage\Dolphin\markdown\digibok_2007031501007_0332.md,D:\data\HCNC\norway\biographies\storage\MonkeyOCR\digibok_2007031501007\digibok_2007031501007_0332.md,digibok_2007031501007_0332.md,digibok_2007031501007_0332.md,2799.0,2942.0,143.0,0.9064622887998607,0.15684172918899608,0.14841849148418493,439.0,success
digibok_2007031501007_0333,,,,264.0,D:\data\HCNC\norway\biographies\storage\Dolphin\markdown\digibok_2007031501007_0333.md,D:\data\HCNC\norway\biographies\storage\MonkeyOCR\digibok_2007031501007\digibok_2007031501007_0333.md,digibok_2007031501007_0333.md,digibok_2007031501007_0333.md,3335.0,3389.0,54.0,0.4815585960737656,1.0215892053973012,0.35856573705179284,3407.0,success
digibok_2007031501007_0334,"{'count': 0, 'names': []}","{'count': 2, 'names': ['NYHUS, Gullbrand Odd Georg', 'NYQUIST, Kjell Utne']}",2.0,,,,,,,,,,,,,
digibok_2007031501007_0335,"{'count': 2, 'names': ['N A E S HE I M , Ruth', 'N A ESS, Ambjørn']}","{'count': 2, 'names': ['NÆSHEIM, Ruth', 'NÆSS, Ambjørn']}",4.0,265.0,D:\data\HCNC\norway\biographies\storage\Dolphin\markdown\digibok_2007031501007_0335.md,D:\data\HCNC\norway\biographies\storage\MonkeyOCR\digibok_2007031501007\digibok_2007031501007_0335.md,digibok_2007031501007_0335.md,digibok_2007031501007_0335.md,2686.0,2788.0,102.0,0.9061015710632079,0.15115413253909157,0.24876847290640394,406.0,success
digibok_2007031501007_0336,"{'count': 0, 'names': []}","{'count': 1, 'names': ['NÆSS, Sigurd']}",1.0,266.0,D:\data\HCNC\norway\biographies\storage\Dolphin\markdown\digibok_2007031501007_0336.md,D:\data\HCNC\norway\biographies\storage\MonkeyOCR\digibok_2007031501007\digibok_2007031501007_0336.md,digibok_2007031501007_0336.md,digibok_2007031501007_0336.md,1910.0,2147.0,237.0,0.5984717771752527,0.8146596858638744,0.25539568345323743,1556.0,success
digibok_2007031501007_0337,"{'count': 0, 'names': []}","{'count': 1, 'names': ['NØKLEBY, Ragnar']}",1.0,267.0,D:\data\HCNC\norway\biographies\storage\Dolphin\markdown\digibok_2007031501007_0337.md,D:\data\HCNC\norway\biographies\storage\MonkeyOCR\digibok_2007031501007\digibok_2007031501007_0337.md,digibok_2007031501007_0337.md,digibok_2007031501007_0337.md,2544.0,2961.0,417.0,0.8875567665758402,0.21894654088050314,0.2892561983471074,557.0,success
digibok_2007031501007_0338,,,,268.0,D:\data\HCNC\norway\biographies\storage\Dolphin\markdown\digibok_2007031501007_0338.md,D:\data\HCNC\norway\biographies\storage\MonkeyOCR\digibok_2007031501007\digibok_2007031501007_0338.md,digibok_2007031501007_0338.md,digibok_2007031501007_0338.md,2517.0,2715.0,198.0,0.9250764525993884,0.13309495431068732,0.12112676056338029,335.0,success
digibok_2007031501007_0339,,,,269.0,D:\data\HCNC\norway\biographies\storage\Dolphin\markdown\digibok_2007031501007_0339.md,D:\data\HCNC\norway\biographies\storage\MonkeyOCR\digibok_2007031501007\digibok_2007031501007_0339.md,digibok_2007031501007_0339.md,digibok_2007031501007_0339.md,2758.0,2889.0,131.0,0.9562599610412609,0.07505438723712836,0.07004830917874397,207.0,success
digibok_2007031501007_0340,,,,270.0,D:\data\HCNC\norway\biographies\storage\Dolphin\markdown\digibok_2007031501007_0340.md,D:\data\HCNC\norway\biographies\storage\MonkeyOCR\digibok_2007031501007\digibok_2007031501007_0340.md,digibok_2007031501007_0340.md,digibok_2007031501007_0340.md,2689.0,2751.0,62.0,0.9338235294117647,0.10635924135366308,0.1100244498777506,286.0,success
digibok_2007031501007_0341,,,,271.0,D:\data\HCNC\norway\biographies\storage\Dolphin\markdown\digibok_2007031501007_0341.md,D:\data\HCNC\norway\biographies\storage\MonkeyOCR\digibok_2007031501007\digibok_2007031501007_0341.md,digibok_2007031501007_0341.md,digibok_2007031501007_0341.md,2083.0,2425.0,342.0,0.787488908606921,0.44359097455592894,0.7233333333333334,924.0,success
digibok_2007031501007_0342,,,,272.0,D:\data\HCNC\norway\biographies\storage\Dolphin\markdown\digibok_2007031501007_0342.md,D:\data\HCNC\norway\biographies\storage\MonkeyOCR\digibok_2007031501007\digibok_2007031501007_0342.md,digibok_2007031501007_0342.md,digibok_2007031501007_0342.md,2707.0,2962.0,255.0,0.8985711765743517,0.16364979682305134,0.19602977667493796,443.0,success
digibok_2007031501007_0343,,,,273.0,D:\data\HCNC\norway\biographies\storage\Dolphin\markdown\digibok_2007031501007_0343.md,D:\data\HCNC\norway\biographies\storage\MonkeyOCR\digibok_2007031501007\digibok_2007031501007_0343.md,digibok_2007031501007_0343.md,digibok_2007031501007_0343.md,3458.0,3514.0,56.0,0.6376936316695353,0.7226720647773279,0.6170634920634921,2499.0,success
digibok_2007031501007_0344,"{'count': 1, 'names': ['OTTERSLAND, Dagny ( Nyba ) Henriette']}","{'count': 0, 'names': []}",1.0,274.0,D:\data\HCNC\norway\biographies\storage\Dolphin\markdown\digibok_2007031501007_0344.md,D:\data\HCNC\norway\biographies\storage\MonkeyOCR\digibok_2007031501007\digibok_2007031501007_0344.md,digibok_2007031501007_0344.md,digibok_2007031501007_0344.md,2244.0,2463.0,219.0,0.9139579349904398,0.15418894830659535,0.13793103448275862,346.0,success
digibok_2007031501007_0345,,,,275.0,D:\data\HCNC\norway\biographies\storage\Dolphin\markdown\digibok_2007031501007_0345.md,D:\data\HCNC\norway\biographies\storage\MonkeyOCR\digibok_2007031501007\digibok_2007031501007_0345.md,digibok_2007031501007_0345.md,digibok_2007031501007_0345.md,2587.0,2775.0,188.0,0.9324878776575904,0.1198299188248937,0.104,310.0,success
digibok_2007031501007_0346,,,,276.0,D:\data\HCNC\norway\biographies\storage\Dolphin\markdown\digibok_2007031501007_0346.md,D:\data\HCNC\norway\biographies\storage\MonkeyOCR\digibok_2007031501007\digibok_2007031501007_0346.md,digibok_2007031501007_0346.md,digibok_2007031501007_0346.md,2204.0,2473.0,269.0,0.9172546504169339,0.16152450090744103,0.18575851393188855,356.0,success
digibok_2007031501007_0347,"{'count': 0, 'names': []}","{'count': 1, 'names': ['PEDERSEN, Rønnaug Steen']}",1.0,,,,,,,,,,,,,
digibok_2007031501007_0348,"{'count': 1, 'names': ['PETERSON, Christian Fredrik Elias']}","{'count': 0, 'names': []}",1.0,277.0,D:\data\HCNC\norway\biographies\storage\Dolphin\markdown\digibok_2007031501007_0348.md,D:\data\HCNC\norway\biographies\storage\MonkeyOCR\digibok_2007031501007\digibok_2007031501007_0348.md,digibok_2007031501007_0348.md,digibok_2007031501007_0348.md,2648.0,2771.0,123.0,0.9223103893707326,0.12386706948640483,0.136,328.0,success
digibok_2007031501007_0349,,,,278.0,D:\data\HCNC\norway\biographies\storage\Dolphin\markdown\digibok_2007031501007_0349.md,D:\data\HCNC\norway\biographies\storage\MonkeyOCR\digibok_2007031501007\digibok_2007031501007_0349.md,digibok_2007031501007_0349.md,digibok_2007031501007_0349.md,2383.0,2577.0,194.0,0.8495967741935484,0.27738145195132186,0.10526315789473684,661.0,success
digibok_2007031501007_0350,,,,279.0,D:\data\HCNC\norway\biographies\storage\Dolphin\markdown\digibok_2007031501007_0350.md,D:\data\HCNC\norway\biographies\storage\MonkeyOCR\digibok_2007031501007\digibok_2007031501007_0350.md,digibok_2007031501007_0350.md,digibok_2007031501007_0350.md,2843.0,2975.0,132.0,0.8236507390855964,0.34540977840309534,0.22139303482587064,982.0,success
digibok_2007031501007_0351,,,,280.0,D:\data\HCNC\norway\biographies\storage\Dolphin\markdown\digibok_2007031501007_0351.md,D:\data\HCNC\norway\biographies\storage\MonkeyOCR\digibok_2007031501007\digibok_2007031501007_0351.md,digibok_2007031501007_0351.md,digibok_2007031501007_0351.md,2716.0,2847.0,131.0,0.9146144166816466,0.13365243004418262,0.10224438902743142,363.0,success
digibok_2007031501007_0352,,,,281.0,D:\data\HCNC\norway\biographies\storage\Dolphin\markdown\digibok_2007031501007_0352.md,D:\data\HCNC\norway\biographies\storage\MonkeyOCR\digibok_2007031501007\digibok_2007031501007_0352.md,digibok_2007031501007_0352.md,digibok_2007031501007_0352.md,2373.0,2552.0,179.0,0.9279187817258884,0.1260008428150021,0.08902077151335312,299.0,success
digibok_2007031501007_0353,,,,282.0,D:\data\HCNC\norway\biographies\storage\Dolphin\markdown\digibok_2007031501007_0353.md,D:\data\HCNC\norway\biographies\storage\MonkeyOCR\digibok_2007031501007\digibok_2007031501007_0353.md,digibok_2007031501007_0353.md,digibok_2007031501007_0353.md,3133.0,3225.0,92.0,0.9537590437244416,0.06830513884455792,0.13445378151260504,214.0,success
digibok_2007031501007_0354,,,,283.0,D:\data\HCNC\norway\biographies\storage\Dolphin\markdown\digibok_2007031501007_0354.md,D:\data\HCNC\norway\biographies\storage\MonkeyOCR\digibok_2007031501007\digibok_2007031501007_0354.md,digibok_2007031501007_0354.md,digibok_2007031501007_0354.md,2698.0,3064.0,366.0,0.7750780978826797,0.4351371386212009,0.4957983193277311,1174.0,success
digibok_2007031501007_0355,,,,284.0,D:\data\HCNC\norway\biographies\storage\Dolphin\markdown\digibok_2007031501007_0355.md,D:\data\HCNC\norway\biographies\storage\MonkeyOCR\digibok_2007031501007\digibok_2007031501007_0355.md,digibok_2007031501007_0355.md,digibok_2007031501007_0355.md,2354.0,2610.0,256.0,0.8481063658340048,0.28759558198810536,0.22792022792022792,677.0,success
digibok_2007031501007_0356,,,,285.0,D:\data\HCNC\norway\biographies\storage\Dolphin\markdown\digibok_2007031501007_0356.md,D:\data\HCNC\norway\biographies\storage\MonkeyOCR\digibok_2007031501007\digibok_2007031501007_0356.md,digibok_2007031501007_0356.md,digibok_2007031501007_0356.md,2819.0,2947.0,128.0,0.9521331945889698,0.07875133025895707,0.1424802110817942,222.0,success
digibok_2007031501007_0357,,,,286.0,D:\data\HCNC\norway\biographies\storage\Dolphin\markdown\digibok_2007031501007_0357.md,D:\data\HCNC\norway\biographies\storage\MonkeyOCR\digibok_2007031501007\digibok_2007031501007_0357.md,digibok_2007031501007_0357.md,digibok_2007031501007_0357.md,3036.0,3170.0,134.0,0.8140509184660006,0.35968379446640314,0.2873051224944321,1092.0,success
digibok_2007031501007_0358,,,,287.0,D:\data\HCNC\norway\biographies\storage\Dolphin\markdown\digibok_2007031501007_0358.md,D:\data\HCNC\norway\biographies\storage\MonkeyOCR\digibok_2007031501007\digibok_2007031501007_0358.md,digibok_2007031501007_0358.md,digibok_2007031501007_0358.md,3052.0,3155.0,103.0,0.9511841469308845,0.0737221494102228,0.15800865800865802,225.0,success
digibok_2007031501007_0359,,,,288.0,D:\data\HCNC\norway\biographies\storage\Dolphin\markdown\digibok_2007031501007_0359.md,D:\data\HCNC\norway\biographies\storage\MonkeyOCR\digibok_2007031501007\digibok_2007031501007_0359.md,digibok_2007031501007_0359.md,digibok_2007031501007_0359.md,2412.0,2602.0,190.0,0.8571998404467491,0.23756218905472637,0.17613636363636365,573.0,success
digibok_2007031501007_0360,,,,289.0,D:\data\HCNC\norway\biographies\storage\Dolphin\markdown\digibok_2007031501007_0360.md,D:\data\HCNC\norway\biographies\storage\MonkeyOCR\digibok_2007031501007\digibok_2007031501007_0360.md,digibok_2007031501007_0360.md,digibok_2007031501007_0360.md,2501.0,2700.0,199.0,0.9217458181119016,0.13194722111155538,0.1724137931034483,330.0,success
digibok_2007031501007_0361,,,,290.0,D:\data\HCNC\norway\biographies\storage\Dolphin\markdown\digibok_2007031501007_0361.md,D:\data\HCNC\norway\biographies\storage\MonkeyOCR\digibok_2007031501007\digibok_2007031501007_0361.md,digibok_2007031501007_0361.md,digibok_2007031501007_0361.md,2312.0,2506.0,194.0,0.9194686591946866,0.1453287197231834,0.10465116279069768,336.0,success
digibok_2007031501007_0362,,,,291.0,D:\data\HCNC\norway\biographies\storage\Dolphin\markdown\digibok_2007031501007_0362.md,D:\data\HCNC\norway\biographies\storage\MonkeyOCR\digibok_2007031501007\digibok_2007031501007_0362.md,digibok_2007031501007_0362.md,digibok_2007031501007_0362.md,2877.0,2978.0,101.0,0.9161400512382579,0.13938129996524157,0.1843220338983051,401.0,success
digibok_2007031501007_0363,,,,292.0,D:\data\HCNC\norway\biographies\storage\Dolphin\markdown\digibok_2007031501007_0363.md,D:\data\HCNC\norway\biographies\storage\MonkeyOCR\digibok_2007031501007\digibok_2007031501007_0363.md,digibok_2007031501007_0363.md,digibok_2007031501007_0363.md,2582.0,2761.0,179.0,0.8706719071682575,0.21533694810224632,0.13350785340314136,556.0,success
digibok_2007031501007_0364,,,,293.0,D:\data\HCNC\norway\biographies\storage\Dolphin\markdown\digibok_2007031501007_0364.md,D:\data\HCNC\norway\biographies\storage\MonkeyOCR\digibok_2007031501007\digibok_2007031501007_0364.md,digibok_2007031501007_0364.md,digibok_2007031501007_0364.md,2575.0,2750.0,175.0,0.7966197183098591,0.36854368932038833,0.13186813186813187,949.0,success
digibok_2007031501007_0365,,,,294.0,D:\data\HCNC\norway\biographies\storage\Dolphin\markdown\digibok_2007031501007_0365.md,D:\data\HCNC\norway\biographies\storage\MonkeyOCR\digibok_2007031501007\digibok_2007031501007_0365.md,digibok_2007031501007_0365.md,digibok_2007031501007_0365.md,2705.0,2899.0,194.0,0.9411134903640257,0.10277264325323475,0.11733333333333333,278.0,success
digibok_2007031501007_0366,,,,295.0,D:\data\HCNC\norway\biographies\storage\Dolphin\markdown\digibok_2007031501007_0366.md,D:\data\HCNC\norway\biographies\storage\MonkeyOCR\digibok_2007031501007\digibok_2007031501007_0366.md,digibok_2007031501007_0366.md,digibok_2007031501007_0366.md,2509.0,2704.0,195.0,0.9391904853251487,0.10920685532084495,0.07887323943661972,274.0,success
digibok_2007031501007_0367,,,,296.0,D:\data\HCNC\norway\biographies\storage\Dolphin\markdown\digibok_2007031501007_0367.md,D:\data\HCNC\norway\biographies\storage\MonkeyOCR\digibok_2007031501007\digibok_2007031501007_0367.md,digibok_2007031501007_0367.md,digibok_2007031501007_0367.md,2777.0,2956.0,179.0,0.9366823652537938,0.10658984515664387,0.14395886889460155,296.0,success
digibok_2007031501007_0368,"{'count': 1, 'names': ['RON A ESS , Barbara Annette Karer Anker']}","{'count': 3, 'names': ['RONÆSS, Barbara Annette Karen Anker', 'RONOLD, Jacob Erling Nådland', 'RONÆSS, Egil']}",4.0,297.0,D:\data\HCNC\norway\biographies\storage\Dolphin\markdown\digibok_2007031501007_0368.md,D:\data\HCNC\norway\biographies\storage\MonkeyOCR\digibok_2007031501007\digibok_2007031501007_0368.md,digibok_2007031501007_0368.md,digibok_2007031501007_0368.md,1717.0,2269.0,552.0,0.44756648268941296,1.231217239370996,0.7443609022556391,2114.0,success
digibok_2007031501007_0369,"{'count': 0, 'names': []}","{'count': 1, 'names': ['† ROSENDAHL, Else Aall']}",1.0,298.0,D:\data\HCNC\norway\biographies\storage\Dolphin\markdown\digibok_2007031501007_0369.md,D:\data\HCNC\norway\biographies\storage\MonkeyOCR\digibok_2007031501007\digibok_2007031501007_0369.md,digibok_2007031501007_0369.md,digibok_2007031501007_0369.md,2947.0,3092.0,145.0,0.9567809239940388,0.07600950118764846,0.07159904534606205,224.0,success
digibok_2007031501007_0370,,,,299.0,D:\data\HCNC\norway\biographies\storage\Dolphin\markdown\digibok_2007031501007_0370.md,D:\data\HCNC\norway\biographies\storage\MonkeyOCR\digibok_2007031501007\digibok_2007031501007_0370.md,digibok_2007031501007_0370.md,digibok_2007031501007_0370.md,2414.0,2681.0,267.0,0.8631992149165849,0.22286661143330572,0.4487534626038781,538.0,success
digibok_2007031501007_0371,,,,300.0,D:\data\HCNC\norway\biographies\storage\Dolphin\markdown\digibok_2007031501007_0371.md,D:\data\HCNC\norway\biographies\storage\MonkeyOCR\digibok_2007031501007\digibok_2007031501007_0371.md,digibok_2007031501007_0371.md,digibok_2007031501007_0371.md,2365.0,2559.0,194.0,0.42851340373679936,1.136997885835095,0.119533527696793,2689.0,success
digibok_2007031501007_0372,,,,301.0,D:\data\HCNC\norway\biographies\storage\Dolphin\markdown\digibok_2007031501007_0372.md,D:\data\HCNC\norway\biographies\storage\MonkeyOCR\digibok_2007031501007\digibok_2007031501007_0372.md,digibok_2007031501007_0372.md,digibok_2007031501007_0372.md,2951.0,3078.0,127.0,0.8926853541217449,0.18264994916977295,0.09010989010989011,539.0,success
digibok_2007031501007_0373,,,,302.0,D:\data\HCNC\norway\biographies\storage\Dolphin\markdown\digibok_2007031501007_0373.md,D:\data\HCNC\norway\biographies\storage\MonkeyOCR\digibok_2007031501007\digibok_2007031501007_0373.md,digibok_2007031501007_0373.md,digibok_2007031501007_0373.md,2573.0,2770.0,197.0,0.8062886019090398,0.3793237465993004,0.35584415584415585,976.0,success
digibok_2007031501007_0374,,,,303.0,D:\data\HCNC\norway\biographies\storage\Dolphin\markdown\digibok_2007031501007_0374.md,D:\data\HCNC\norway\biographies\storage\MonkeyOCR\digibok_2007031501007\digibok_2007031501007_0374.md,digibok_2007031501007_0374.md,digibok_2007031501007_0374.md,2576.0,2698.0,122.0,0.8930602957906713,0.19099378881987578,0.1,492.0,success
digibok_2007031501007_0375,,,,304.0,D:\data\HCNC\norway\biographies\storage\Dolphin\markdown\digibok_2007031501007_0375.md,D:\data\HCNC\norway\biographies\storage\MonkeyOCR\digibok_2007031501007\digibok_2007031501007_0375.md,digibok_2007031501007_0375.md,digibok_2007031501007_0375.md,2301.0,2627.0,326.0,0.864448051948052,0.24684919600173838,0.18904109589041096,568.0,success
digibok_2007031501007_0376,"{'count': 0, 'names': []}","{'count': 2, 'names': ['RÅHEIM, Andreas Gerhard', 'RÅHEIM, Martin Mathæus']}",2.0,305.0,D:\data\HCNC\norway\biographies\storage\Dolphin\markdown\digibok_2007031501007_0376.md,D:\data\HCNC\norway\biographies\storage\MonkeyOCR\digibok_2007031501007\digibok_2007031501007_0376.md,digibok_2007031501007_0376.md,digibok_2007031501007_0376.md,2762.0,2868.0,106.0,0.9403197158081705,0.09341057204923968,0.1334841628959276,258.0,success
digibok_2007031501007_0377,"{'count': 0, 'names': []}","{'count': 1, 'names': ['SAKKESTAD, Synnøve']}",1.0,306.0,D:\data\HCNC\norway\biographies\storage\Dolphin\markdown\digibok_2007031501007_0377.md,D:\data\HCNC\norway\biographies\storage\MonkeyOCR\digibok_2007031501007\digibok_2007031501007_0377.md,digibok_2007031501007_0377.md,digibok_2007031501007_0377.md,2841.0,2970.0,129.0,0.9309929444157632,0.11369236184442098,0.1282051282051282,323.0,success
digibok_2007031501007_0378,,,,307.0,D:\data\HCNC\norway\biographies\storage\Dolphin\markdown\digibok_2007031501007_0378.md,D:\data\HCNC\norway\biographies\storage\MonkeyOCR\digibok_2007031501007\digibok_2007031501007_0378.md,digibok_2007031501007_0378.md,digibok_2007031501007_0378.md,2645.0,2836.0,191.0,0.7571611019886882,0.4933837429111531,0.4675324675324675,1305.0,success
digibok_2007031501007_0379,,,,308.0,D:\data\HCNC\norway\biographies\storage\Dolphin\markdown\digibok_2007031501007_0379.md,D:\data\HCNC\norway\biographies\storage\MonkeyOCR\digibok_2007031501007\digibok_2007031501007_0379.md,digibok_2007031501007_0379.md,digibok_2007031501007_0379.md,3205.0,3262.0,57.0,0.3717334158033091,1.229953198127925,0.7581699346405228,3942.0,success
digibok_2007031501007_0380,,,,309.0,D:\data\HCNC\norway\biographies\storage\Dolphin\markdown\digibok_2007031501007_0380.md,D:\data\HCNC\norway\biographies\storage\MonkeyOCR\digibok_2007031501007\digibok_2007031501007_0380.md,digibok_2007031501007_0380.md,digibok_2007031501007_0380.md,2714.0,2842.0,128.0,0.9359251259899208,0.10058953574060428,0.14676616915422885,273.0,success
digibok_2007031501007_0381,,,,310.0,D:\data\HCNC\norway\biographies\storage\Dolphin\markdown\digibok_2007031501007_0381.md,D:\data\HCNC\norway\biographies\storage\MonkeyOCR\digibok_2007031501007\digibok_2007031501007_0381.md,digibok_2007031501007_0381.md,digibok_2007031501007_0381.md,2803.0,2971.0,168.0,0.9248354693453412,0.12343917231537638,0.10550458715596331,346.0,success
digibok_2007031501007_0382,,,,311.0,D:\data\HCNC\norway\biographies\storage\Dolphin\markdown\digibok_2007031501007_0382.md,D:\data\HCNC\norway\biographies\storage\MonkeyOCR\digibok_2007031501007\digibok_2007031501007_0382.md,digibok_2007031501007_0382.md,digibok_2007031501007_0382.md,2938.0,3104.0,166.0,0.9440582588546839,0.09394145677331518,0.12882096069868995,276.0,success
digibok_2007031501007_0383,"{'count': 1, 'names': ['SCHILLING, Bjørn Half dan Lillienskiold']}","{'count': 0, 'names': []}",1.0,312.0,D:\data\HCNC\norway\biographies\storage\Dolphin\markdown\digibok_2007031501007_0383.md,D:\data\HCNC\norway\biographies\storage\MonkeyOCR\digibok_2007031501007\digibok_2007031501007_0383.md,digibok_2007031501007_0383.md,digibok_2007031501007_0383.md,2669.0,2872.0,203.0,0.9211333694279011,0.14312476582989883,0.16058394160583941,382.0,success
digibok_2007031501007_0384,,,,313.0,D:\data\HCNC\norway\biographies\storage\Dolphin\markdown\digibok_2007031501007_0384.md,D:\data\HCNC\norway\biographies\storage\MonkeyOCR\digibok_2007031501007\digibok_2007031501007_0384.md,digibok_2007031501007_0384.md,digibok_2007031501007_0384.md,2466.0,2649.0,183.0,0.9305962854349951,0.12124898621248986,0.12034383954154727,299.0,success
digibok_2007031501007_0385,,,,314.0,D:\data\HCNC\norway\biographies\storage\Dolphin\markdown\digibok_2007031501007_0385.md,D:\data\HCNC\norway\biographies\storage\MonkeyOCR\digibok_2007031501007\digibok_2007031501007_0385.md,digibok_2007031501007_0385.md,digibok_2007031501007_0385.md,2748.0,2871.0,123.0,0.9336180815091654,0.0982532751091703,0.12437810945273632,270.0,success
digibok_2007031501007_0386,,,,315.0,D:\data\HCNC\norway\biographies\storage\Dolphin\markdown\digibok_2007031501007_0386.md,D:\data\HCNC\norway\biographies\storage\MonkeyOCR\digibok_2007031501007\digibok_2007031501007_0386.md,digibok_2007031501007_0386.md,digibok_2007031501007_0386.md,2278.0,2457.0,179.0,0.8988384371700106,0.1575943810359965,0.12650602409638553,359.0,success
digibok_2007031501007_0387,,,,316.0,D:\data\HCNC\norway\biographies\storage\Dolphin\markdown\digibok_2007031501007_0387.md,D:\data\HCNC\norway\biographies\storage\MonkeyOCR\digibok_2007031501007\digibok_2007031501007_0387.md,digibok_2007031501007_0387.md,digibok_2007031501007_0387.md,2395.0,2589.0,194.0,0.9189406099518459,0.1361169102296451,0.14730878186968838,326.0,success
digibok_2007031501007_0388,,,,317.0,D:\data\HCNC\norway\biographies\storage\Dolphin\markdown\digibok_2007031501007_0388.md,D:\data\HCNC\norway\biographies\storage\MonkeyOCR\digibok_2007031501007\digibok_2007031501007_0388.md,digibok_2007031501007_0388.md,digibok_2007031501007_0388.md,2655.0,2861.0,206.0,0.9108049311094997,0.1423728813559322,0.23037974683544304,378.0,success
digibok_2007031501007_0389,,,,318.0,D:\data\HCNC\norway\biographies\storage\Dolphin\markdown\digibok_2007031501007_0389.md,D:\data\HCNC\norway\biographies\storage\MonkeyOCR\digibok_2007031501007\digibok_2007031501007_0389.md,digibok_2007031501007_0389.md,digibok_2007031501007_0389.md,2462.0,2651.0,189.0,0.9274398591824761,0.12591389114541024,0.15702479338842976,310.0,success
digibok_2007031501007_0390,,,,319.0,D:\data\HCNC\norway\biographies\storage\Dolphin\markdown\digibok_2007031501007_0390.md,D:\data\HCNC\norway\biographies\storage\MonkeyOCR\digibok_2007031501007\digibok_2007031501007_0390.md,digibok_2007031501007_0390.md,digibok_2007031501007_0390.md,2825.0,2962.0,137.0,0.9431484361499913,0.09805309734513275,0.11294117647058824,277.0,success
digibok_2007031501007_0391,,,,320.0,D:\data\HCNC\norway\biographies\storage\Dolphin\markdown\digibok_2007031501007_0391.md,D:\data\HCNC\norway\biographies\storage\MonkeyOCR\digibok_2007031501007\digibok_2007031501007_0391.md,digibok_2007031501007_0391.md,digibok_2007031501007_0391.md,2501.0,2688.0,187.0,0.9242628637502409,0.12634946021591364,0.10512129380053908,316.0,success
digibok_2007031501007_0392,,,,321.0,D:\data\HCNC\norway\biographies\storage\Dolphin\markdown\digibok_2007031501007_0392.md,D:\data\HCNC\norway\biographies\storage\MonkeyOCR\digibok_2007031501007\digibok_2007031501007_0392.md,digibok_2007031501007_0392.md,digibok_2007031501007_0392.md,2265.0,2747.0,482.0,0.8483639265762171,0.2865342163355408,0.20891364902506965,649.0,success
digibok_2007031501007_0393,,,,322.0,D:\data\HCNC\norway\biographies\storage\Dolphin\markdown\digibok_2007031501007_0393.md,D:\data\HCNC\norway\biographies\storage\MonkeyOCR\digibok_2007031501007\digibok_2007031501007_0393.md,digibok_2007031501007_0393.md,digibok_2007031501007_0393.md,3242.0,3348.0,106.0,0.8531107738998482,0.2665021591610117,0.1227364185110664,864.0,success
digibok_2007031501007_0394,,,,323.0,D:\data\HCNC\norway\biographies\storage\Dolphin\markdown\digibok_2007031501007_0394.md,D:\data\HCNC\norway\biographies\storage\MonkeyOCR\digibok_2007031501007\digibok_2007031501007_0394.md,digibok_2007031501007_0394.md,digibok_2007031501007_0394.md,2300.0,2480.0,180.0,0.7087866108786611,0.5495652173913044,0.9825072886297376,1264.0,success
digibok_2007031501007_0395,,,,324.0,D:\data\HCNC\norway\biographies\storage\Dolphin\markdown\digibok_2007031501007_0395.md,D:\data\HCNC\norway\biographies\storage\MonkeyOCR\digibok_2007031501007\digibok_2007031501007_0395.md,digibok_2007031501007_0395.md,digibok_2007031501007_0395.md,2437.0,2629.0,192.0,0.9332806948282669,0.12105047189167009,0.12146892655367232,295.0,success
digibok_2007031501007_0396,,,,325.0,D:\data\HCNC\norway\biographies\storage\Dolphin\markdown\digibok_2007031501007_0396.md,D:\data\HCNC\norway\biographies\storage\MonkeyOCR\digibok_2007031501007\digibok_2007031501007_0396.md,digibok_2007031501007_0396.md,digibok_2007031501007_0396.md,3111.0,3250.0,139.0,0.9617984593617356,0.06589521054323369,0.10067114093959731,205.0,success
digibok_2007031501007_0397,,,,326.0,D:\data\HCNC\norway\biographies\storage\Dolphin\markdown\digibok_2007031501007_0397.md,D:\data\HCNC\norway\biographies\storage\MonkeyOCR\digibok_2007031501007\digibok_2007031501007_0397.md,digibok_2007031501007_0397.md,digibok_2007031501007_0397.md,2683.0,2867.0,184.0,0.9491891891891892,0.0954155795751025,0.03724928366762178,256.0,success
digibok_2007031501007_0398,,,,327.0,D:\data\HCNC\norway\biographies\storage\Dolphin\markdown\digibok_2007031501007_0398.md,D:\data\HCNC\norway\biographies\storage\MonkeyOCR\digibok_2007031501007\digibok_2007031501007_0398.md,digibok_2007031501007_0398.md,digibok_2007031501007_0398.md,2783.0,2926.0,143.0,0.9465755824137327,0.09019044196909809,0.1347517730496454,251.0,success
digibok_2007031501007_0399,,,,328.0,D:\data\HCNC\norway\biographies\storage\Dolphin\markdown\digibok_2007031501007_0399.md,D:\data\HCNC\norway\biographies\storage\MonkeyOCR\digibok_2007031501007\digibok_2007031501007_0399.md,digibok_2007031501007_0399.md,digibok_2007031501007_0399.md,2413.0,2598.0,185.0,0.9099980043903413,0.14670534604227103,0.07647058823529412,354.0,success
digibok_2007031501007_0400,,,,329.0,D:\data\HCNC\norway\biographies\storage\Dolphin\markdown\digibok_2007031501007_0400.md,D:\data\HCNC\norway\biographies\storage\MonkeyOCR\digibok_2007031501007\digibok_2007031501007_0400.md,digibok_2007031501007_0400.md,digibok_2007031501007_0400.md,2907.0,3027.0,120.0,0.9440512301988541,0.09184726522187822,0.1299559471365639,267.0,success
digibok_2007031501007_0401,,,,330.0,D:\data\HCNC\norway\biographies\storage\Dolphin\markdown\digibok_2007031501007_0401.md,D:\data\HCNC\norway\biographies\storage\MonkeyOCR\digibok_2007031501007\digibok_2007031501007_0401.md,digibok_2007031501007_0401.md,digibok_2007031501007_0401.md,1943.0,2799.0,856.0,0.781526781948545,0.5136387030365415,0.5051546391752577,998.0,success
digibok_2007031501007_0402,"{'count': 0, 'names': []}","{'count': 1, 'names': ['SKÅNLAND, Alvilde Færden']}",1.0,331.0,D:\data\HCNC\norway\biographies\storage\Dolphin\markdown\digibok_2007031501007_0402.md,D:\data\HCNC\norway\biographies\storage\MonkeyOCR\digibok_2007031501007\digibok_2007031501007_0402.md,digibok_2007031501007_0402.md,digibok_2007031501007_0402.md,2614.0,2802.0,188.0,0.6237075332348597,0.7647283856159143,0.8743016759776536,1999.0,success
digibok_2007031501007_0403,,,,332.0,D:\data\HCNC\norway\biographies\storage\Dolphin\markdown\digibok_2007031501007_0403.md,D:\data\HCNC\norway\biographies\storage\MonkeyOCR\digibok_2007031501007\digibok_2007031501007_0403.md,digibok_2007031501007_0403.md,digibok_2007031501007_0403.md,2363.0,2549.0,186.0,0.9222312703583062,0.1358442657638595,0.1452513966480447,321.0,success
digibok_2007031501007_0404,,,,333.0,D:\data\HCNC\norway\biographies\storage\Dolphin\markdown\digibok_2007031501007_0404.md,D:\data\HCNC\norway\biographies\storage\MonkeyOCR\digibok_2007031501007\digibok_2007031501007_0404.md,digibok_2007031501007_0404.md,digibok_2007031501007_0404.md,1627.0,2354.0,727.0,0.7214267771916604,0.6281499692685925,0.5067873303167421,1022.0,success
digibok_2007031501007_0405,,,,334.0,D:\data\HCNC\norway\biographies\storage\Dolphin\markdown\digibok_2007031501007_0405.md,D:\data\HCNC\norway\biographies\storage\MonkeyOCR\digibok_2007031501007\digibok_2007031501007_0405.md,digibok_2007031501007_0405.md,digibok_2007031501007_0405.md,2757.0,3223.0,466.0,0.6277591973244148,0.7856365614798694,0.8018867924528302,2166.0,success
digibok_2007031501007_0406,,,,335.0,D:\data\HCNC\norway\biographies\storage\Dolphin\markdown\digibok_2007031501007_0406.md,D:\data\HCNC\norway\biographies\storage\MonkeyOCR\digibok_2007031501007\digibok_2007031501007_0406.md,digibok_2007031501007_0406.md,digibok_2007031501007_0406.md,2425.0,2611.0,186.0,0.5083399523431295,0.9888659793814433,0.622356495468278,2398.0,success
digibok_2007031501007_0407,,,,336.0,D:\data\HCNC\norway\biographies\storage\Dolphin\markdown\digibok_2007031501007_0407.md,D:\data\HCNC\norway\biographies\storage\MonkeyOCR\digibok_2007031501007\digibok_2007031501007_0407.md,digibok_2007031501007_0407.md,digibok_2007031501007_0407.md,2657.0,2785.0,128.0,0.9213524439544285,0.13210387655250283,0.12864077669902912,351.0,success
digibok_2007031501007_0408,,,,337.0,D:\data\HCNC\norway\biographies\storage\Dolphin\markdown\digibok_2007031501007_0408.md,D:\data\HCNC\norway\biographies\storage\MonkeyOCR\digibok_2007031501007\digibok_2007031501007_0408.md,digibok_2007031501007_0408.md,digibok_2007031501007_0408.md,2337.0,2525.0,188.0,0.8872891814068284,0.17843388960205392,0.2099125364431487,417.0,success
digibok_2007031501007_0409,"{'count': 0, 'names': []}","{'count': 5, 'names': ['SPØRCK, Petter Carl', 'STAFSNES, Arne', 'STANGELAND, Andreas Ingolf', 'STANGELAND, Bendik Emil', 'STANWORTH, Gudny Reidun']}",5.0,,,,,,,,,,,,,
digibok_2007031501007_0410,,,,338.0,D:\data\HCNC\norway\biographies\storage\Dolphin\markdown\digibok_2007031501007_0410.md,D:\data\HCNC\norway\biographies\storage\MonkeyOCR\digibok_2007031501007\digibok_2007031501007_0410.md,digibok_2007031501007_0410.md,digibok_2007031501007_0410.md,2722.0,2908.0,186.0,0.9321492007104796,0.11351947097722263,0.1670886075949367,309.0,success
digibok_2007031501007_0411,"{'count': 0, 'names': []}","{'count': 1, 'names': ['STEINSBØ, Olav']}",1.0,339.0,D:\data\HCNC\norway\biographies\storage\Dolphin\markdown\digibok_2007031501007_0411.md,D:\data\HCNC\norway\biographies\storage\MonkeyOCR\digibok_2007031501007\digibok_2007031501007_0411.md,digibok_2007031501007_0411.md,digibok_2007031501007_0411.md,2923.0,3135.0,212.0,0.7550346649059095,0.4875128292849812,0.4871244635193133,1425.0,success
digibok_2007031501007_0412,,,,340.0,D:\data\HCNC\norway\biographies\storage\Dolphin\markdown\digibok_2007031501007_0412.md,D:\data\HCNC\norway\biographies\storage\MonkeyOCR\digibok_2007031501007\digibok_2007031501007_0412.md,digibok_2007031501007_0412.md,digibok_2007031501007_0412.md,2695.0,2965.0,270.0,0.9106007067137809,0.1528756957328386,0.17293233082706766,412.0,success
digibok_2007031501007_0413,"{'count': 0, 'names': []}","{'count': 4, 'names': ['STENSTAD, Arne Birger', 'STENSTAD, Nils-Bernt', 'STENWIG, Henrik', 'STEPHAN, Arthur']}",4.0,,,,,,,,,,,,,
digibok_2007031501007_0414,,,,341.0,D:\data\HCNC\norway\biographies\storage\Dolphin\markdown\digibok_2007031501007_0414.md,D:\data\HCNC\norway\biographies\storage\MonkeyOCR\digibok_2007031501007\digibok_2007031501007_0414.md,digibok_2007031501007_0414.md,digibok_2007031501007_0414.md,2673.0,2822.0,149.0,0.7807097361237488,0.42573887018331463,0.484375,1138.0,success
digibok_2007031501007_0415,,,,342.0,D:\data\HCNC\norway\biographies\storage\Dolphin\markdown\digibok_2007031501007_0415.md,D:\data\HCNC\norway\biographies\storage\MonkeyOCR\digibok_2007031501007\digibok_2007031501007_0415.md,digibok_2007031501007_0415.md,digibok_2007031501007_0415.md,2338.0,2516.0,178.0,0.9266584260403791,0.1283147989734816,0.13846153846153847,300.0,success
digibok_2007031501007_0416,,,,343.0,D:\data\HCNC\norway\biographies\storage\Dolphin\markdown\digibok_2007031501007_0416.md,D:\data\HCNC\norway\biographies\storage\MonkeyOCR\digibok_2007031501007\digibok_2007031501007_0416.md,digibok_2007031501007_0416.md,digibok_2007031501007_0416.md,2805.0,2917.0,112.0,0.9370849353372946,0.09518716577540107,0.13145539906103287,267.0,success
digibok_2007031501007_0417,,,,344.0,D:\data\HCNC\norway\biographies\storage\Dolphin\markdown\digibok_2007031501007_0417.md,D:\data\HCNC\norway\biographies\storage\MonkeyOCR\digibok_2007031501007\digibok_2007031501007_0417.md,digibok_2007031501007_0417.md,digibok_2007031501007_0417.md,2449.0,2816.0,367.0,0.8964862298195632,0.20375663536137198,0.19109947643979058,499.0,success
digibok_2007031501007_0418,"{'count': 1, 'names': ['STRANDEN AES, Leif']}","{'count': 2, 'names': ['STRANDENÆS, Leif', 'STRAUME, Gutterm']}",3.0,345.0,D:\data\HCNC\norway\biographies\storage\Dolphin\markdown\digibok_2007031501007_0418.md,D:\data\HCNC\norway\biographies\storage\MonkeyOCR\digibok_2007031501007\digibok_2007031501007_0418.md,digibok_2007031501007_0418.md,digibok_2007031501007_0418.md,2513.0,2697.0,184.0,0.6767754318618042,0.5789892558694787,0.1775,1455.0,success
digibok_2007031501007_0419,"{'count': 0, 'names': []}","{'count': 1, 'names': ['STRØM, Per Urdahl']}",1.0,346.0,D:\data\HCNC\norway\biographies\storage\Dolphin\markdown\digibok_2007031501007_0419.md,D:\data\HCNC\norway\biographies\storage\MonkeyOCR\digibok_2007031501007\digibok_2007031501007_0419.md,digibok_2007031501007_0419.md,digibok_2007031501007_0419.md,2549.0,2841.0,292.0,0.889795918367347,0.2047861906630051,0.2140921409214092,522.0,success
digibok_2007031501007_0420,,,,347.0,D:\data\HCNC\norway\biographies\storage\Dolphin\markdown\digibok_2007031501007_0420.md,D:\data\HCNC\norway\biographies\storage\MonkeyOCR\digibok_2007031501007\digibok_2007031501007_0420.md,digibok_2007031501007_0420.md,digibok_2007031501007_0420.md,2617.0,2814.0,197.0,0.884551647946971,0.20825372564004585,0.12598425196850394,545.0,success
digibok_2007031501007_0421,,,,348.0,D:\data\HCNC\norway\biographies\storage\Dolphin\markdown\digibok_2007031501007_0421.md,D:\data\HCNC\norway\biographies\storage\MonkeyOCR\digibok_2007031501007\digibok_2007031501007_0421.md,digibok_2007031501007_0421.md,digibok_2007031501007_0421.md,2617.0,2752.0,135.0,0.8917861799217731,0.19487963316774934,0.2576530612244898,510.0,success
digibok_2007031501007_0422,,,,349.0,D:\data\HCNC\norway\biographies\storage\Dolphin\markdown\digibok_2007031501007_0422.md,D:\data\HCNC\norway\biographies\storage\MonkeyOCR\digibok_2007031501007\digibok_2007031501007_0422.md,digibok_2007031501007_0422.md,digibok_2007031501007_0422.md,2867.0,3012.0,145.0,0.8603503997278449,0.2535751656784095,0.1031390134529148,727.0,success
digibok_2007031501007_0423,"{'count': 0, 'names': []}","{'count': 4, 'names': ['† STØRE, Harald', 'STØREN, Abraham Wilhelm', 'STØREN, Gerd', 'STØREN, Hanna Bergitte (Gitta)']}",4.0,,,,,,,,,,,,,
digibok_2007031501007_0424,"{'count': 0, 'names': []}","{'count': 1, 'names': ['SUNDE, Hans Einar']}",1.0,350.0,D:\data\HCNC\norway\biographies\storage\Dolphin\markdown\digibok_2007031501007_0424.md,D:\data\HCNC\norway\biographies\storage\MonkeyOCR\digibok_2007031501007\digibok_2007031501007_0424.md,digibok_2007031501007_0424.md,digibok_2007031501007_0424.md,2241.0,2440.0,199.0,0.8357188634907071,0.2962962962962963,0.1761194029850746,664.0,success
digibok_2007031501007_0425,,,,351.0,D:\data\HCNC\norway\biographies\storage\Dolphin\markdown\digibok_2007031501007_0425.md,D:\data\HCNC\norway\biographies\storage\MonkeyOCR\digibok_2007031501007\digibok_2007031501007_0425.md,digibok_2007031501007_0425.md,digibok_2007031501007_0425.md,2363.0,2551.0,188.0,0.9291819291819292,0.12568768514600084,0.08235294117647059,297.0,success
digibok_2007031501007_0426,,,,352.0,D:\data\HCNC\norway\biographies\storage\Dolphin\markdown\digibok_2007031501007_0426.md,D:\data\HCNC\norway\biographies\storage\MonkeyOCR\digibok_2007031501007\digibok_2007031501007_0426.md,digibok_2007031501007_0426.md,digibok_2007031501007_0426.md,2961.0,3080.0,119.0,0.9332891905313689,0.10300574130361365,0.11455847255369929,305.0,success
digibok_2007031501007_0427,,,,353.0,D:\data\HCNC\norway\biographies\storage\Dolphin\markdown\digibok_2007031501007_0427.md,D:\data\HCNC\norway\biographies\storage\MonkeyOCR\digibok_2007031501007\digibok_2007031501007_0427.md,digibok_2007031501007_0427.md,digibok_2007031501007_0427.md,2881.0,3005.0,124.0,0.8950050968399592,0.17112113849357863,0.11416490486257928,493.0,success
digibok_2007031501007_0428,,,,354.0,D:\data\HCNC\norway\biographies\storage\Dolphin\markdown\digibok_2007031501007_0428.md,D:\data\HCNC\norway\biographies\storage\MonkeyOCR\digibok_2007031501007\digibok_2007031501007_0428.md,digibok_2007031501007_0428.md,digibok_2007031501007_0428.md,2558.0,2775.0,217.0,0.8666791674479655,0.2517591868647381,0.16753926701570682,644.0,success
digibok_2007031501007_0429,,,,355.0,D:\data\HCNC\norway\biographies\storage\Dolphin\markdown\digibok_2007031501007_0429.md,D:\data\HCNC\norway\biographies\storage\MonkeyOCR\digibok_2007031501007\digibok_2007031501007_0429.md,digibok_2007031501007_0429.md,digibok_2007031501007_0429.md,2727.0,2904.0,177.0,0.9440596696856686,0.09717638430509717,0.12903225806451613,265.0,success
digibok_2007031501007_0430,"{'count': 1, 'names': ['SAEhLE, Sverre Olav']}","{'count': 2, 'names': ['SÆHLE, Sverre Olav', 'SÆLAND, Einar']}",3.0,356.0,D:\data\HCNC\norway\biographies\storage\Dolphin\markdown\digibok_2007031501007_0430.md,D:\data\HCNC\norway\biographies\storage\MonkeyOCR\digibok_2007031501007\digibok_2007031501007_0430.md,digibok_2007031501007_0430.md,digibok_2007031501007_0430.md,2848.0,2986.0,138.0,0.9550908467603703,0.07935393258426966,0.11347517730496454,226.0,success
digibok_2007031501007_0431,"{'count': 0, 'names': []}","{'count': 1, 'names': ['SÆTRE, Øystein']}",1.0,357.0,D:\data\HCNC\norway\biographies\storage\Dolphin\markdown\digibok_2007031501007_0431.md,D:\data\HCNC\norway\biographies\storage\MonkeyOCR\digibok_2007031501007\digibok_2007031501007_0431.md,digibok_2007031501007_0431.md,digibok_2007031501007_0431.md,2328.0,2517.0,189.0,0.7727554179566564,0.4488831615120275,0.2153392330383481,1045.0,success
digibok_2007031501007_0432,,,,358.0,D:\data\HCNC\norway\biographies\storage\Dolphin\markdown\digibok_2007031501007_0432.md,D:\data\HCNC\norway\biographies\storage\MonkeyOCR\digibok_2007031501007\digibok_2007031501007_0432.md,digibok_2007031501007_0432.md,digibok_2007031501007_0432.md,1944.0,2303.0,359.0,0.6993171650576878,0.6224279835390947,0.5842293906810035,1210.0,success
digibok_2007031501007_0433,"{'count': 0, 'names': []}","{'count': 2, 'names': ['SØRENSEN, Marius', 'SØRLIE, Esther Mathilde']}",2.0,359.0,D:\data\HCNC\norway\biographies\storage\Dolphin\markdown\digibok_2007031501007_0433.md,D:\data\HCNC\norway\biographies\storage\MonkeyOCR\digibok_2007031501007\digibok_2007031501007_0433.md,digibok_2007031501007_0433.md,digibok_2007031501007_0433.md,2161.0,2342.0,181.0,0.8767488341105929,0.24433132808884775,0.09393939393939393,528.0,success
digibok_2007031501007_0434,,,,360.0,D:\data\HCNC\norway\biographies\storage\Dolphin\markdown\digibok_2007031501007_0434.md,D:\data\HCNC\norway\biographies\storage\MonkeyOCR\digibok_2007031501007\digibok_2007031501007_0434.md,digibok_2007031501007_0434.md,digibok_2007031501007_0434.md,2255.0,2432.0,177.0,0.9016428419031364,0.15609756097560976,0.16455696202531644,352.0,success
digibok_2007031501007_0435,"{'count': 0, 'names': []}","{'count': 3, 'names': ['TAUSJØ, Johan Toralf Magnus', 'TEIGUM, Erling Sigurd', 'TENNES, Hans Angell']}",3.0,,,,,,,,,,,,,
digibok_2007031501007_0436,,,,361.0,D:\data\HCNC\norway\biographies\storage\Dolphin\markdown\digibok_2007031501007_0436.md,D:\data\HCNC\norway\biographies\storage\MonkeyOCR\digibok_2007031501007\digibok_2007031501007_0436.md,digibok_2007031501007_0436.md,digibok_2007031501007_0436.md,2252.0,2471.0,219.0,0.8888418378149481,0.18428063943161635,0.20771513353115728,415.0,success
digibok_2007031501007_0437,"{'count': 2, 'names': ['THOMASSEN, Ragnar Marelius Dahl', 'THOME-JOHANNESEN, Johan Andreas']}","{'count': 0, 'names': []}",2.0,362.0,D:\data\HCNC\norway\biographies\storage\Dolphin\markdown\digibok_2007031501007_0437.md,D:\data\HCNC\norway\biographies\storage\MonkeyOCR\digibok_2007031501007\digibok_2007031501007_0437.md,digibok_2007031501007_0437.md,digibok_2007031501007_0437.md,2820.0,2934.0,114.0,0.9113660062565172,0.13368794326241135,0.19815668202764977,377.0,success
digibok_2007031501007_0438,,,,363.0,D:\data\HCNC\norway\biographies\storage\Dolphin\markdown\digibok_2007031501007_0438.md,D:\data\HCNC\norway\biographies\storage\MonkeyOCR\digibok_2007031501007\digibok_2007031501007_0438.md,digibok_2007031501007_0438.md,digibok_2007031501007_0438.md,1988.0,2231.0,243.0,0.8352690210950462,0.2887323943661972,0.20860927152317882,574.0,success
digibok_2007031501007_0439,,,,364.0,D:\data\HCNC\norway\biographies\storage\Dolphin\markdown\digibok_2007031501007_0439.md,D:\data\HCNC\norway\biographies\storage\MonkeyOCR\digibok_2007031501007\digibok_2007031501007_0439.md,digibok_2007031501007_0439.md,digibok_2007031501007_0439.md,2726.0,2855.0,129.0,0.913456369826196,0.14856933235509906,0.14285714285714285,405.0,success
digibok_2007031501007_0440,"{'count': 1, 'names': ['THORSAGER, Carl Frederik']}","{'count': 0, 'names': []}",1.0,365.0,D:\data\HCNC\norway\biographies\storage\Dolphin\markdown\digibok_2007031501007_0440.md,D:\data\HCNC\norway\biographies\storage\MonkeyOCR\digibok_2007031501007\digibok_2007031501007_0440.md,digibok_2007031501007_0440.md,digibok_2007031501007_0440.md,2670.0,2792.0,122.0,0.8806298059318931,0.1794007490636704,0.11694510739856802,479.0,success
digibok_2007031501007_0441,,,,366.0,D:\data\HCNC\norway\biographies\storage\Dolphin\markdown\digibok_2007031501007_0441.md,D:\data\HCNC\norway\biographies\storage\MonkeyOCR\digibok_2007031501007\digibok_2007031501007_0441.md,digibok_2007031501007_0441.md,digibok_2007031501007_0441.md,2391.0,2680.0,289.0,0.9067245119305857,0.17063989962358847,0.1274787535410765,408.0,success
digibok_2007031501007_0442,,,,367.0,D:\data\HCNC\norway\biographies\storage\Dolphin\markdown\digibok_2007031501007_0442.md,D:\data\HCNC\norway\biographies\storage\MonkeyOCR\digibok_2007031501007\digibok_2007031501007_0442.md,digibok_2007031501007_0442.md,digibok_2007031501007_0442.md,2348.0,2555.0,207.0,0.9027126249235162,0.17163543441226575,0.14655172413793102,403.0,success
digibok_2007031501007_0443,,,,368.0,D:\data\HCNC\norway\biographies\storage\Dolphin\markdown\digibok_2007031501007_0443.md,D:\data\HCNC\norway\biographies\storage\MonkeyOCR\digibok_2007031501007\digibok_2007031501007_0443.md,digibok_2007031501007_0443.md,digibok_2007031501007_0443.md,2974.0,3039.0,65.0,0.2717445534674871,1.3755884330867518,1.0802752293577982,4091.0,success
digibok_2007031501007_0444,,,,369.0,D:\data\HCNC\norway\biographies\storage\Dolphin\markdown\digibok_2007031501007_0444.md,D:\data\HCNC\norway\biographies\storage\MonkeyOCR\digibok_2007031501007\digibok_2007031501007_0444.md,digibok_2007031501007_0444.md,digibok_2007031501007_0444.md,2402.0,2585.0,183.0,0.9011429717264888,0.1540383014154871,0.13793103448275862,370.0,success
digibok_2007031501007_0445,"{'count': 1, 'names': ['TORBJØRNSEN, Inger Johanne Gudim']}","{'count': 0, 'names': []}",1.0,370.0,D:\data\HCNC\norway\biographies\storage\Dolphin\markdown\digibok_2007031501007_0445.md,D:\data\HCNC\norway\biographies\storage\MonkeyOCR\digibok_2007031501007\digibok_2007031501007_0445.md,digibok_2007031501007_0445.md,digibok_2007031501007_0445.md,1567.0,2255.0,688.0,0.7765567765567766,0.5149968091895342,0.4713656387665198,807.0,success
digibok_2007031501007_0446,,,,371.0,D:\data\HCNC\norway\biographies\storage\Dolphin\markdown\digibok_2007031501007_0446.md,D:\data\HCNC\norway\biographies\storage\MonkeyOCR\digibok_2007031501007\digibok_2007031501007_0446.md,digibok_2007031501007_0446.md,digibok_2007031501007_0446.md,2609.0,2725.0,116.0,0.9208848893888264,0.14181678804139516,0.140625,370.0,success
digibok_2007031501007_0447,,,,372.0,D:\data\HCNC\norway\biographies\storage\Dolphin\markdown\digibok_2007031501007_0447.md,D:\data\HCNC\norway\biographies\storage\MonkeyOCR\digibok_2007031501007\digibok_2007031501007_0447.md,digibok_2007031501007_0447.md,digibok_2007031501007_0447.md,2669.0,2942.0,273.0,0.834075922295491,0.3214687148744848,0.14615384615384616,858.0,success
digibok_2007031501007_0448,,,,373.0,D:\data\HCNC\norway\biographies\storage\Dolphin\markdown\digibok_2007031501007_0448.md,D:\data\HCNC\norway\biographies\storage\MonkeyOCR\digibok_2007031501007\digibok_2007031501007_0448.md,digibok_2007031501007_0448.md,digibok_2007031501007_0448.md,2229.0,2490.0,261.0,0.8726425090061454,0.21758636159712877,0.2535211267605634,485.0,success
digibok_2007031501007_0449,,,,374.0,D:\data\HCNC\norway\biographies\storage\Dolphin\markdown\digibok_2007031501007_0449.md,D:\data\HCNC\norway\biographies\storage\MonkeyOCR\digibok_2007031501007\digibok_2007031501007_0449.md,digibok_2007031501007_0449.md,digibok_2007031501007_0449.md,2667.0,2834.0,167.0,0.8976549718233049,0.17097862767154107,0.18814432989690721,456.0,success
digibok_2007031501007_0450,,,,375.0,D:\data\HCNC\norway\biographies\storage\Dolphin\markdown\digibok_2007031501007_0450.md,D:\data\HCNC\norway\biographies\storage\MonkeyOCR\digibok_2007031501007\digibok_2007031501007_0450.md,digibok_2007031501007_0450.md,digibok_2007031501007_0450.md,2188.0,2571.0,383.0,0.47488968270645093,1.102833638025594,0.3681159420289855,2413.0,success
digibok_2007031501007_0451,,,,376.0,D:\data\HCNC\norway\biographies\storage\Dolphin\markdown\digibok_2007031501007_0451.md,D:\data\HCNC\norway\biographies\storage\MonkeyOCR\digibok_2007031501007\digibok_2007031501007_0451.md,digibok_2007031501007_0451.md,digibok_2007031501007_0451.md,2356.0,2791.0,435.0,0.5611035554692053,0.9261460101867572,0.4648648648648649,2182.0,success
digibok_2007031501007_0452,,,,377.0,D:\data\HCNC\norway\biographies\storage\Dolphin\markdown\digibok_2007031501007_0452.md,D:\data\HCNC\norway\biographies\storage\MonkeyOCR\digibok_2007031501007\digibok_2007031501007_0452.md,digibok_2007031501007_0452.md,digibok_2007031501007_0452.md,2350.0,2535.0,185.0,0.08393039918116683,1.8914893617021276,0.3761194029850746,4445.0,success
digibok_2007031501007_0453,,,,378.0,D:\data\HCNC\norway\biographies\storage\Dolphin\markdown\digibok_2007031501007_0453.md,D:\data\HCNC\norway\biographies\storage\MonkeyOCR\digibok_2007031501007\digibok_2007031501007_0453.md,digibok_2007031501007_0453.md,digibok_2007031501007_0453.md,2710.0,2841.0,131.0,0.40749414519906324,1.2007380073800737,0.21445783132530122,3254.0,success
digibok_2007031501007_0454,"{'count': 1, 'names': ['URSim, Rolf']}","{'count': 1, 'names': ['URSIN, Rolf']}",2.0,379.0,D:\data\HCNC\norway\biographies\storage\Dolphin\markdown\digibok_2007031501007_0454.md,D:\data\HCNC\norway\biographies\storage\MonkeyOCR\digibok_2007031501007\digibok_2007031501007_0454.md,digibok_2007031501007_0454.md,digibok_2007031501007_0454.md,2457.0,2649.0,192.0,0.9310614962788876,0.12006512006512006,0.12429378531073447,295.0,success
digibok_2007031501007_0455,,,,380.0,D:\data\HCNC\norway\biographies\storage\Dolphin\markdown\digibok_2007031501007_0455.md,D:\data\HCNC\norway\biographies\storage\MonkeyOCR\digibok_2007031501007\digibok_2007031501007_0455.md,digibok_2007031501007_0455.md,digibok_2007031501007_0455.md,2813.0,2935.0,122.0,0.8747390396659708,0.21222893707785281,0.19437939110070257,597.0,success
digibok_2007031501007_0456,,,,381.0,D:\data\HCNC\norway\biographies\storage\Dolphin\markdown\digibok_2007031501007_0456.md,D:\data\HCNC\norway\biographies\storage\MonkeyOCR\digibok_2007031501007\digibok_2007031501007_0456.md,digibok_2007031501007_0456.md,digibok_2007031501007_0456.md,2532.0,2896.0,364.0,0.8113485630066323,0.31437598736176936,0.3492063492063492,796.0,success
digibok_2007031501007_0457,"{'count': 0, 'names': []}","{'count': 1, 'names': ['Gran, Dehlimarken']}",1.0,382.0,D:\data\HCNC\norway\biographies\storage\Dolphin\markdown\digibok_2007031501007_0457.md,D:\data\HCNC\norway\biographies\storage\MonkeyOCR\digibok_2007031501007\digibok_2007031501007_0457.md,digibok_2007031501007_0457.md,digibok_2007031501007_0457.md,2336.0,2662.0,326.0,0.8787515006002401,0.21232876712328766,0.1989100817438692,496.0,success
digibok_2007031501007_0458,,,,383.0,D:\data\HCNC\norway\biographies\storage\Dolphin\markdown\digibok_2007031501007_0458.md,D:\data\HCNC\norway\biographies\storage\MonkeyOCR\digibok_2007031501007\digibok_2007031501007_0458.md,digibok_2007031501007_0458.md,digibok_2007031501007_0458.md,2960.0,3084.0,124.0,0.9444076770350761,0.08682432432432433,0.12679425837320574,257.0,success
digibok_2007031501007_0459,,,,384.0,D:\data\HCNC\norway\biographies\storage\Dolphin\markdown\digibok_2007031501007_0459.md,D:\data\HCNC\norway\biographies\storage\MonkeyOCR\digibok_2007031501007\digibok_2007031501007_0459.md,digibok_2007031501007_0459.md,digibok_2007031501007_0459.md,2717.0,2843.0,126.0,0.7093525179856115,0.5793154214206846,0.5644329896907216,1574.0,success
digibok_2007031501007_0460,"{'count': 0, 'names': []}","{'count': 3, 'names': ['VELKEN, Sigurd', 'VELLESEN, Øystein Jonas Alm', 'VEN, Kaare Anton']}",3.0,,,,,,,,,,,,,
digibok_2007031501007_0461,,,,385.0,D:\data\HCNC\norway\biographies\storage\Dolphin\markdown\digibok_2007031501007_0461.md,D:\data\HCNC\norway\biographies\storage\MonkeyOCR\digibok_2007031501007\digibok_2007031501007_0461.md,digibok_2007031501007_0461.md,digibok_2007031501007_0461.md,2270.0,2452.0,182.0,0.9089368911478187,0.1590308370044053,0.18037974683544303,361.0,success
digibok_2007031501007_0462,,,,386.0,D:\data\HCNC\norway\biographies\storage\Dolphin\markdown\digibok_2007031501007_0462.md,D:\data\HCNC\norway\biographies\storage\MonkeyOCR\digibok_2007031501007\digibok_2007031501007_0462.md,digibok_2007031501007_0462.md,digibok_2007031501007_0462.md,2355.0,2521.0,166.0,0.9159146841673503,0.14097664543524416,0.15902964959568733,332.0,success
digibok_2007031501007_0463,,,,387.0,D:\data\HCNC\norway\biographies\storage\Dolphin\markdown\digibok_2007031501007_0463.md,D:\data\HCNC\norway\biographies\storage\MonkeyOCR\digibok_2007031501007\digibok_2007031501007_0463.md,digibok_2007031501007_0463.md,digibok_2007031501007_0463.md,2414.0,2630.0,216.0,0.9191118160190325,0.14705882352941177,0.13802816901408452,355.0,success
digibok_2007031501007_0464,,,,388.0,D:\data\HCNC\norway\biographies\storage\Dolphin\markdown\digibok_2007031501007_0464.md,D:\data\HCNC\norway\biographies\storage\MonkeyOCR\digibok_2007031501007\digibok_2007031501007_0464.md,digibok_2007031501007_0464.md,digibok_2007031501007_0464.md,2364.0,2550.0,186.0,0.708994708994709,0.4906937394247039,0.5308988764044944,1160.0,success
digibok_2007031501007_0465,,,,389.0,D:\data\HCNC\norway\biographies\storage\Dolphin\markdown\digibok_2007031501007_0465.md,D:\data\HCNC\norway\biographies\storage\MonkeyOCR\digibok_2007031501007\digibok_2007031501007_0465.md,digibok_2007031501007_0465.md,digibok_2007031501007_0465.md,2912.0,3274.0,362.0,0.5871322340769479,0.7915521978021978,0.6596244131455399,2305.0,success
digibok_2007031501007_0466,,,,390.0,D:\data\HCNC\norway\biographies\storage\Dolphin\markdown\digibok_2007031501007_0466.md,D:\data\HCNC\norway\biographies\storage\MonkeyOCR\digibok_2007031501007\digibok_2007031501007_0466.md,digibok_2007031501007_0466.md,digibok_2007031501007_0466.md,2547.0,2961.0,414.0,0.8333333333333334,0.3082057322340008,0.27932960893854747,785.0,success
digibok_2007031501007_0467,,,,391.0,D:\data\HCNC\norway\biographies\storage\Dolphin\markdown\digibok_2007031501007_0467.md,D:\data\HCNC\norway\biographies\storage\MonkeyOCR\digibok_2007031501007\digibok_2007031501007_0467.md,digibok_2007031501007_0467.md,digibok_2007031501007_0467.md,2296.0,2549.0,253.0,0.9060887512899897,0.1720383275261324,0.18541033434650456,395.0,success
digibok_2007031501007_0468,,,,392.0,D:\data\HCNC\norway\biographies\storage\Dolphin\markdown\digibok_2007031501007_0468.md,D:\data\HCNC\norway\biographies\storage\MonkeyOCR\digibok_2007031501007\digibok_2007031501007_0468.md,digibok_2007031501007_0468.md,digibok_2007031501007_0468.md,2541.0,2730.0,189.0,0.9049516220830962,0.15348288075560804,0.11290322580645161,390.0,success
digibok_2007031501007_0469,,,,393.0,D:\data\HCNC\norway\biographies\storage\Dolphin\markdown\digibok_2007031501007_0469.md,D:\data\HCNC\norway\biographies\storage\MonkeyOCR\digibok_2007031501007\digibok_2007031501007_0469.md,digibok_2007031501007_0469.md,digibok_2007031501007_0469.md,2994.0,3052.0,58.0,0.9616275223288124,0.05711422845691383,0.1487603305785124,171.0,success
digibok_2007031501007_0470,,,,394.0,D:\data\HCNC\norway\biographies\storage\Dolphin\markdown\digibok_2007031501007_0470.md,D:\data\HCNC\norway\biographies\storage\MonkeyOCR\digibok_2007031501007\digibok_2007031501007_0470.md,digibok_2007031501007_0470.md,digibok_2007031501007_0470.md,2292.0,2668.0,376.0,0.8915322580645161,0.21204188481675393,0.19519519519519518,486.0,success
digibok_2007031501007_0471,,,,395.0,D:\data\HCNC\norway\biographies\storage\Dolphin\markdown\digibok_2007031501007_0471.md,D:\data\HCNC\norway\biographies\storage\MonkeyOCR\digibok_2007031501007\digibok_2007031501007_0471.md,digibok_2007031501007_0471.md,digibok_2007031501007_0471.md,3245.0,3463.0,218.0,0.9391771019677997,0.10385208012326656,0.16907216494845362,337.0,success
digibok_2007031501007_0472,,,,396.0,D:\data\HCNC\norway\biographies\storage\Dolphin\markdown\digibok_2007031501007_0472.md,D:\data\HCNC\norway\biographies\storage\MonkeyOCR\digibok_2007031501007\digibok_2007031501007_0472.md,digibok_2007031501007_0472.md,digibok_2007031501007_0472.md,2439.0,2709.0,270.0,0.9172494172494172,0.15498154981549817,0.17151162790697674,378.0,success
digibok_2007031501007_0473,,,,397.0,D:\data\HCNC\norway\biographies\storage\Dolphin\markdown\digibok_2007031501007_0473.md,D:\data\HCNC\norway\biographies\storage\MonkeyOCR\digibok_2007031501007\digibok_2007031501007_0473.md,digibok_2007031501007_0473.md,digibok_2007031501007_0473.md,2628.0,2807.0,179.0,0.9313707451701931,0.11605783866057838,0.07506053268765134,305.0,success
digibok_2007031501007_0474,"{'count': 1, 'names': ['WIIG, Sven Martin Schielderup']}","{'count': 1, 'names': ['WIIG, Sven Martin Schiødtorup']}",2.0,398.0,D:\data\HCNC\norway\biographies\storage\Dolphin\markdown\digibok_2007031501007_0474.md,D:\data\HCNC\norway\biographies\storage\MonkeyOCR\digibok_2007031501007\digibok_2007031501007_0474.md,digibok_2007031501007_0474.md,digibok_2007031501007_0474.md,2584.0,2722.0,138.0,0.9457218243497927,0.09597523219814241,0.09774436090225563,248.0,success
digibok_2007031501007_0475,"{'count': 1, 'names': ['WHG, Thorvald']}","{'count': 1, 'names': ['WIIG, Thorvald']}",2.0,399.0,D:\data\HCNC\norway\biographies\storage\Dolphin\markdown\digibok_2007031501007_0475.md,D:\data\HCNC\norway\biographies\storage\MonkeyOCR\digibok_2007031501007\digibok_2007031501007_0475.md,digibok_2007031501007_0475.md,digibok_2007031501007_0475.md,1991.0,2241.0,250.0,0.889413988657845,0.20291310899045706,0.09929078014184398,404.0,success
digibok_2007031501007_0476,,,,400.0,D:\data\HCNC\norway\biographies\storage\Dolphin\markdown\digibok_2007031501007_0476.md,D:\data\HCNC\norway\biographies\storage\MonkeyOCR\digibok_2007031501007\digibok_2007031501007_0476.md,digibok_2007031501007_0476.md,digibok_2007031501007_0476.md,2757.0,2883.0,126.0,0.9156028368794327,0.12658686978599928,0.13231552162849872,349.0,success
digibok_2007031501007_0477,,,,401.0,D:\data\HCNC\norway\biographies\storage\Dolphin\markdown\digibok_2007031501007_0477.md,D:\data\HCNC\norway\biographies\storage\MonkeyOCR\digibok_2007031501007\digibok_2007031501007_0477.md,digibok_2007031501007_0477.md,digibok_2007031501007_0477.md,2296.0,2473.0,177.0,0.5003145313482911,0.9538327526132404,0.5963855421686747,2190.0,success
digibok_2007031501007_0478,,,,402.0,D:\data\HCNC\norway\biographies\storage\Dolphin\markdown\digibok_2007031501007_0478.md,D:\data\HCNC\norway\biographies\storage\MonkeyOCR\digibok_2007031501007\digibok_2007031501007_0478.md,digibok_2007031501007_0478.md,digibok_2007031501007_0478.md,2309.0,2503.0,194.0,0.8973399833748961,0.18709398007795583,0.182370820668693,432.0,success
digibok_2007031501007_0479,,,,403.0,D:\data\HCNC\norway\biographies\storage\Dolphin\markdown\digibok_2007031501007_0479.md,D:\data\HCNC\norway\biographies\storage\MonkeyOCR\digibok_2007031501007\digibok_2007031501007_0479.md,digibok_2007031501007_0479.md,digibok_2007031501007_0479.md,2477.0,2666.0,189.0,0.589539179467237,0.8264029067420267,0.850415512465374,2047.0,success
digibok_2007031501007_0480,"{'count': 0, 'names': []}","{'count': 3, 'names': ['ØDEGAARD, Arnold Walter', 'ØDEGÅRD, Eli', 'ØDEGAARD, Karl Kristian']}",3.0,404.0,D:\data\HCNC\norway\biographies\storage\Dolphin\markdown\digibok_2007031501007_0480.md,D:\data\HCNC\norway\biographies\storage\MonkeyOCR\digibok_2007031501007\digibok_2007031501007_0480.md,digibok_2007031501007_0480.md,digibok_2007031501007_0480.md,2533.0,2785.0,252.0,0.919894697254607,0.1437031188314252,0.1967654986522911,364.0,success
digibok_2007031501007_0481,"{'count': 0, 'names': []}","{'count': 1, 'names': ['ØDEGÅRD, Knut Frog']}",1.0,405.0,D:\data\HCNC\norway\biographies\storage\Dolphin\markdown\digibok_2007031501007_0481.md,D:\data\HCNC\norway\biographies\storage\MonkeyOCR\digibok_2007031501007\digibok_2007031501007_0481.md,digibok_2007031501007_0481.md,digibok_2007031501007_0481.md,2304.0,2485.0,181.0,0.8189601169346419,0.3511284722222222,0.27635327635327633,809.0,success
digibok_2007031501007_0482,"{'count': 0, 'names': []}","{'count': 3, 'names': ['ØEN, Elisabeth', 'ØGREID, Halvor S.', 'ØGREID, Karen Sofie']}",3.0,406.0,D:\data\HCNC\norway\biographies\storage\Dolphin\markdown\digibok_2007031501007_0482.md,D:\data\HCNC\norway\biographies\storage\MonkeyOCR\digibok_2007031501007\digibok_2007031501007_0482.md,digibok_2007031501007_0482.md,digibok_2007031501007_0482.md,1925.0,2111.0,186.0,0.744796828543112,0.4696103896103896,0.7605633802816901,904.0,success
digibok_2007031501007_0483,,,,407.0,D:\data\HCNC\norway\biographies\storage\Dolphin\markdown\digibok_2007031501007_0483.md,D:\data\HCNC\norway\biographies\storage\MonkeyOCR\digibok_2007031501007\digibok_2007031501007_0483.md,digibok_2007031501007_0483.md,digibok_2007031501007_0483.md,2313.0,2500.0,187.0,0.46831498026179097,1.0903588413316039,0.5835777126099707,2522.0,success
digibok_2007031501007_0484,"{'count': 0, 'names': []}","{'count': 1, 'names': ['ØRVIG, Jan']}",1.0,408.0,D:\data\HCNC\norway\biographies\storage\Dolphin\markdown\digibok_2007031501007_0484.md,D:\data\HCNC\norway\biographies\storage\MonkeyOCR\digibok_2007031501007\digibok_2007031501007_0484.md,digibok_2007031501007_0484.md,digibok_2007031501007_0484.md,2414.0,2800.0,386.0,0.859608745684695,0.251864125932063,0.25495049504950495,608.0,success
digibok_2007031501007_0485,,,,409.0,D:\data\HCNC\norway\biographies\storage\Dolphin\markdown\digibok_2007031501007_0485.md,D:\data\HCNC\norway\biographies\storage\MonkeyOCR\digibok_2007031501007\digibok_2007031501007_0485.md,digibok_2007031501007_0485.md,digibok_2007031501007_0485.md,2749.0,2890.0,141.0,0.9469764142578472,0.08657693706802473,0.15601023017902813,238.0,success
digibok_2007031501007_0486,,,,410.0,D:\data\HCNC\norway\biographies\storage\Dolphin\markdown\digibok_2007031501007_0486.md,D:\data\HCNC\norway\biographies\storage\MonkeyOCR\digibok_2007031501007\digibok_2007031501007_0486.md,digibok_2007031501007_0486.md,digibok_2007031501007_0486.md,2174.0,2670.0,496.0,0.8459950454170108,0.3031278748850046,0.28939828080229224,659.0,success
digibok_2007031501007_0487,,,,411.0,D:\data\HCNC\norway\biographies\storage\Dolphin\markdown\digibok_2007031501007_0487.md,D:\data\HCNC\norway\biographies\storage\MonkeyOCR\digibok_2007031501007\digibok_2007031501007_0487.md,digibok_2007031501007_0487.md,digibok_2007031501007_0487.md,2642.0,2917.0,275.0,0.8954847994243569,0.17600302800908402,0.183206106870229,465.0,success
digibok_2007031501007_0488,,,,412.0,D:\data\HCNC\norway\biographies\storage\Dolphin\markdown\digibok_2007031501007_0488.md,D:\data\HCNC\norway\biographies\storage\MonkeyOCR\digibok_2007031501007\digibok_2007031501007_0488.md,digibok_2007031501007_0488.md,digibok_2007031501007_0488.md,2968.0,3104.0,136.0,0.5563241106719368,0.8871293800539084,0.3620309050772627,2633.0,success
digibok_2007031501007_0489,,,,413.0,D:\data\HCNC\norway\biographies\storage\Dolphin\markdown\digibok_2007031501007_0489.md,D:\data\HCNC\norway\biographies\storage\MonkeyOCR\digibok_2007031501007\digibok_2007031501007_0489.md,digibok_2007031501007_0489.md,digibok_2007031501007_0489.md,2751.0,2875.0,124.0,0.9427657305367935,0.09378407851690294,0.09195402298850575,258.0,success
digibok_2007031501007_0490,,,,414.0,D:\data\HCNC\norway\biographies\storage\Dolphin\markdown\digibok_2007031501007_0490.md,D:\data\HCNC\norway\biographies\storage\MonkeyOCR\digibok_2007031501007\digibok_2007031501007_0490.md,digibok_2007031501007_0490.md,digibok_2007031501007_0490.md,2498.0,2728.0,230.0,0.8786835055491772,0.21096877502001601,0.192,527.0,success
digibok_2007031501007_0491,,,,415.0,D:\data\HCNC\norway\biographies\storage\Dolphin\markdown\digibok_2007031501007_0491.md,D:\data\HCNC\norway\biographies\storage\MonkeyOCR\digibok_2007031501007\digibok_2007031501007_0491.md,digibok_2007031501007_0491.md,digibok_2007031501007_0491.md,2929.0,3100.0,171.0,0.9112622325427102,0.14578354387162853,0.12669683257918551,427.0,success
digibok_2007031501007_0492,,,,416.0,D:\data\HCNC\norway\biographies\storage\Dolphin\markdown\digibok_2007031501007_0492.md,D:\data\HCNC\norway\biographies\storage\MonkeyOCR\digibok_2007031501007\digibok_2007031501007_0492.md,digibok_2007031501007_0492.md,digibok_2007031501007_0492.md,2682.0,2925.0,243.0,0.9313358302122348,0.13124533929903057,0.15263157894736842,352.0,success
digibok_2007031501007_0493,,,,417.0,D:\data\HCNC\norway\biographies\storage\Dolphin\markdown\digibok_2007031501007_0493.md,D:\data\HCNC\norway\biographies\storage\MonkeyOCR\digibok_2007031501007\digibok_2007031501007_0493.md,digibok_2007031501007_0493.md,digibok_2007031501007_0493.md,2504.0,2695.0,191.0,0.4800923254472014,1.031549520766773,0.431266846361186,2583.0,success
digibok_2007031501007_0494,,,,418.0,D:\data\HCNC\norway\biographies\storage\Dolphin\markdown\digibok_2007031501007_0494.md,D:\data\HCNC\norway\biographies\storage\MonkeyOCR\digibok_2007031501007\digibok_2007031501007_0494.md,digibok_2007031501007_0494.md,digibok_2007031501007_0494.md,2744.0,2873.0,129.0,0.9140110379205982,0.13119533527696792,0.17114914425427874,360.0,success
